application_id;student_id;is_initial_application;is_parent_independent;housing_type;status
APP_000000;STU_000000;True;False;Eltern;Approved
APP_000001;STU_000001;True;False;Eltern;Approved
APP_000002;STU_000002;True;False;Eltern;Rejected
APP_000003;STU_000003;True;True;Eltern;Approved
APP_000004;STU_000004;True;False;Alleine;Rejected
APP_000005;STU_000005;True;True;Eltern;Rejected
APP_000006;STU_000006;True;False;Eltern;Approved
APP_000007;STU_000007;True;False;Alleine;Approved
APP_000008;STU_000008;True;False;Alleine;Approved
APP_000009;STU_000009;True;False;Alleine;Approved
APP_000010;STU_000010;True;False;Alleine;Approved
APP_000011;STU_000011;True;False;Eltern;Approved
APP_000012;STU_000012;True;False;Eltern;Approved
APP_000013;STU_000013;True;False;Alleine;Rejected
APP_000014;STU_000014;True;False;Alleine;Approved
APP_000015;STU_000015;True;False;Alleine;Rejected
APP_000016;STU_000016;True;False;Eltern;Approved
APP_000017;STU_000017;True;True;Eltern;Rejected
APP_000018;STU_000018;True;False;Eltern;Approved
APP_000019;STU_000019;True;False;Alleine;Approved
APP_000020;STU_000020;True;False;Alleine;Approved
APP_000021;STU_000021;True;False;Alleine;Rejected
APP_000022;STU_000022;True;True;Alleine;Approved
APP_000023;STU_000023;True;False;Eltern;Approved
APP_000024;STU_000024;True;True;Alleine;Rejected
APP_000025;STU_000025;True;True;Alleine;Approved
APP_000026;STU_000026;True;True;Eltern;Rejected
APP_000027;STU_000027;True;False;Alleine;Approved
APP_000028;STU_000028;True;False;Eltern;Approved
APP_000029;STU_000029;True;False;Alleine;Rejected
APP_000030;STU_000030;True;False;Alleine;Approved
APP_000031;STU_000031;True;False;Eltern;Approved
APP_000032;STU_000032;True;True;Eltern;Approved
APP_000033;STU_000033;True;False;Alleine;Approved
APP_000034;STU_000034;True;False;Alleine;Approved
APP_000035;STU_000035;True;False;Alleine;Approved
APP_000036;STU_000036;True;False;Eltern;Approved
APP_000037;STU_000037;True;False;Eltern;Rejected
APP_000038;STU_000038;True;False;Eltern;Approved
APP_000039;STU_000039;True;True;Eltern;Approved
APP_000040;STU_000040;True;False;Eltern;Approved
APP_000041;STU_000041;True;False;Alleine;Approved
APP_000042;STU_000042;True;False;Alleine;Approved
APP_000043;STU_000043;True;False;Alleine;Rejected
APP_000044;STU_000044;True;False;Eltern;Approved
APP_000045;STU_000045;True;False;Eltern;Approved
APP_000046;STU_000046;True;False;Eltern;Approved
APP_000047;STU_000047;True;True;Eltern;Approved
APP_000048;STU_000048;True;False;Alleine;Rejected
APP_000049;STU_000049;True;False;Eltern;Approved
APP_000050;STU_000050;True;False;Eltern;Approved
APP_000051;STU_000051;True;False;Eltern;Rejected
APP_000052;STU_000052;True;True;Alleine;Approved
APP_000053;STU_000053;True;False;Eltern;Rejected
APP_000054;STU_000054;True;False;Eltern;Approved
APP_000055;STU_000055;True;False;Alleine;Approved
APP_000056;STU_000056;True;False;Eltern;Rejected
APP_000057;STU_000057;True;False;Alleine;Approved
APP_000058;STU_000058;True;False;Eltern;Approved
APP_000059;STU_000059;True;True;Eltern;Approved
APP_000060;STU_000060;True;False;Eltern;Approved
APP_000061;STU_000061;True;False;Alleine;Approved
APP_000062;STU_000062;True;False;Eltern;Approved
APP_000063;STU_000063;True;False;Eltern;Approved
APP_000064;STU_000064;True;True;Alleine;Approved
APP_000065;STU_000065;True;False;Eltern;Approved
APP_000066;STU_000066;True;False;Eltern;Approved
APP_000067;STU_000067;True;False;Alleine;Approved
APP_000068;STU_000068;True;False;Alleine;Rejected
APP_000069;STU_000069;True;False;Eltern;Approved
APP_000070;STU_000070;True;False;Alleine;Approved
APP_000071;STU_000071;True;False;Alleine;Approved
APP_000072;STU_000072;True;False;Alleine;Approved
APP_000073;STU_000073;True;True;Alleine;Approved
APP_000074;STU_000074;True;False;Alleine;Approved
APP_000075;STU_000075;True;False;Eltern;Rejected
APP_000076;STU_000076;True;False;Eltern;Rejected
APP_000077;STU_000077;True;False;Eltern;Rejected
APP_000078;STU_000078;True;False;Eltern;Approved
APP_000079;STU_000079;True;False;Alleine;Approved
APP_000080;STU_000080;True;False;Alleine;Approved
APP_000081;STU_000081;True;False;Alleine;Approved
APP_000082;STU_000082;True;False;Eltern;Approved
APP_000083;STU_000083;True;False;Alleine;Approved
APP_000084;STU_000084;True;False;Eltern;Approved
APP_000085;STU_000085;True;False;Eltern;Approved
APP_000086;STU_000086;True;False;Eltern;Approved
APP_000087;STU_000087;True;False;Alleine;Approved
APP_000088;STU_000088;True;False;Alleine;Approved
APP_000089;STU_000089;True;False;Alleine;Approved
APP_000090;STU_000090;True;False;Eltern;Approved
APP_000091;STU_000091;True;False;Alleine;Approved
APP_000092;STU_000092;True;False;Alleine;Rejected
APP_000093;STU_000093;True;False;Eltern;Approved
APP_000094;STU_000094;True;False;Alleine;Approved
APP_000095;STU_000095;True;False;Eltern;Rejected
APP_000096;STU_000096;True;True;Alleine;Rejected
APP_000097;STU_000097;True;False;Alleine;Rejected
APP_000098;STU_000098;True;False;Alleine;Approved
APP_000099;STU_000099;True;False;Alleine;Approved
APP_000100;STU_000100;True;True;Eltern;Approved
APP_000101;STU_000101;True;True;Eltern;Rejected
APP_000102;STU_000102;True;False;Eltern;Approved
APP_000103;STU_000103;True;False;Alleine;Approved
APP_000104;STU_000104;True;False;Eltern;Approved
APP_000105;STU_000105;True;False;Eltern;Approved
APP_000106;STU_000106;True;False;Alleine;Approved
APP_000107;STU_000107;True;False;Alleine;Approved
APP_000108;STU_000108;True;False;Alleine;Approved
APP_000109;STU_000109;True;False;Alleine;Rejected
APP_000110;STU_000110;True;False;Alleine;Rejected
APP_000111;STU_000111;True;False;Alleine;Approved
APP_000112;STU_000112;True;False;Alleine;Approved
APP_000113;STU_000113;True;True;Eltern;Rejected
APP_000114;STU_000114;True;False;Eltern;Approved
APP_000115;STU_000115;True;True;Alleine;Approved
APP_000116;STU_000116;True;False;Alleine;Rejected
APP_000117;STU_000117;True;False;Eltern;Approved
APP_000118;STU_000118;True;False;Eltern;Approved
APP_000119;STU_000119;True;False;Eltern;Rejected
APP_000120;STU_000120;True;False;Alleine;Approved
APP_000121;STU_000121;True;False;Alleine;Approved
APP_000122;STU_000122;True;False;Eltern;Approved
APP_000123;STU_000123;True;False;Eltern;Approved
APP_000124;STU_000124;True;False;Alleine;Approved
APP_000125;STU_000125;True;False;Eltern;Approved
APP_000126;STU_000126;True;False;Alleine;Rejected
APP_000127;STU_000127;True;False;Eltern;Rejected
APP_000128;STU_000128;True;False;Alleine;Approved
APP_000129;STU_000129;True;True;Alleine;Rejected
APP_000130;STU_000130;True;False;Alleine;Approved
APP_000131;STU_000131;True;False;Eltern;Rejected
APP_000132;STU_000132;True;False;Alleine;Approved
APP_000133;STU_000133;True;False;Eltern;Approved
APP_000134;STU_000134;True;False;Alleine;Approved
APP_000135;STU_000135;True;False;Eltern;Rejected
APP_000136;STU_000136;True;False;Alleine;Approved
APP_000137;STU_000137;True;False;Eltern;Approved
APP_000138;STU_000138;True;False;Alleine;Approved
APP_000139;STU_000139;True;False;Alleine;Approved
APP_000140;STU_000140;True;False;Alleine;Rejected
APP_000141;STU_000141;True;False;Alleine;Approved
APP_000142;STU_000142;True;False;Alleine;Approved
APP_000143;STU_000143;True;False;Alleine;Rejected
APP_000144;STU_000144;True;False;Alleine;Approved
APP_000145;STU_000145;True;True;Eltern;Approved
APP_000146;STU_000146;True;False;Eltern;Approved
APP_000147;STU_000147;True;False;Eltern;Rejected
APP_000148;STU_000148;True;True;Eltern;Rejected
APP_000149;STU_000149;True;True;Eltern;Approved
APP_000150;STU_000150;True;False;Eltern;Approved
APP_000151;STU_000151;True;False;Eltern;Rejected
APP_000152;STU_000152;True;False;Eltern;Approved
APP_000153;STU_000153;True;False;Eltern;Approved
APP_000154;STU_000154;True;False;Alleine;Approved
APP_000155;STU_000155;True;False;Alleine;Approved
APP_000156;STU_000156;True;False;Alleine;Approved
APP_000157;STU_000157;True;True;Alleine;Rejected
APP_000158;STU_000158;True;False;Alleine;Approved
APP_000159;STU_000159;True;False;Eltern;Rejected
APP_000160;STU_000160;True;False;Eltern;Approved
APP_000161;STU_000161;True;False;Eltern;Rejected
APP_000162;STU_000162;True;False;Eltern;Approved
APP_000163;STU_000163;True;False;Eltern;Approved
APP_000164;STU_000164;True;False;Eltern;Rejected
APP_000165;STU_000165;True;False;Alleine;Approved
APP_000166;STU_000166;True;True;Eltern;Rejected
APP_000167;STU_000167;True;True;Alleine;Approved
APP_000168;STU_000168;True;False;Alleine;Approved
APP_000169;STU_000169;True;False;Alleine;Approved
APP_000170;STU_000170;True;False;Alleine;Approved
APP_000171;STU_000171;True;False;Eltern;Approved
APP_000172;STU_000172;True;False;Alleine;Rejected
APP_000173;STU_000173;True;False;Alleine;Approved
APP_000174;STU_000174;True;False;Eltern;Approved
APP_000175;STU_000175;True;False;Alleine;Approved
APP_000176;STU_000176;True;False;Alleine;Rejected
APP_000177;STU_000177;True;False;Eltern;Approved
APP_000178;STU_000178;True;False;Eltern;Approved
APP_000179;STU_000179;True;False;Alleine;Approved
APP_000180;STU_000180;True;False;Eltern;Approved
APP_000181;STU_000181;True;False;Alleine;Approved
APP_000182;STU_000182;True;True;Alleine;Rejected
APP_000183;STU_000183;True;True;Eltern;Approved
APP_000184;STU_000184;True;True;Alleine;Approved
APP_000185;STU_000185;True;False;Alleine;Approved
APP_000186;STU_000186;True;False;Alleine;Approved
APP_000187;STU_000187;True;False;Eltern;Rejected
APP_000188;STU_000188;True;True;Alleine;Approved
APP_000189;STU_000189;True;False;Eltern;Rejected
APP_000190;STU_000190;True;False;Eltern;Approved
APP_000191;STU_000191;True;False;Alleine;Approved
APP_000192;STU_000192;True;False;Alleine;Approved
APP_000193;STU_000193;True;True;Eltern;Approved
APP_000194;STU_000194;True;False;Eltern;Approved
APP_000195;STU_000195;True;False;Eltern;Rejected
APP_000196;STU_000196;True;False;Eltern;Approved
APP_000197;STU_000197;True;False;Alleine;Approved
APP_000198;STU_000198;True;True;Alleine;Approved
APP_000199;STU_000199;True;False;Eltern;Approved
APP_000200;STU_000200;True;True;Alleine;Approved
APP_000201;STU_000201;True;False;Alleine;Approved
APP_000202;STU_000202;True;True;Eltern;Approved
APP_000203;STU_000203;True;False;Eltern;Approved
APP_000204;STU_000204;True;True;Eltern;Approved
APP_000205;STU_000205;True;False;Eltern;Approved
APP_000206;STU_000206;True;False;Eltern;Approved
APP_000207;STU_000207;True;False;Alleine;Approved
APP_000208;STU_000208;True;True;Eltern;Rejected
APP_000209;STU_000209;True;False;Eltern;Approved
APP_000210;STU_000210;True;True;Alleine;Approved
APP_000211;STU_000211;True;False;Alleine;Approved
APP_000212;STU_000212;True;False;Alleine;Approved
APP_000213;STU_000213;True;False;Eltern;Approved
APP_000214;STU_000214;True;False;Eltern;Approved
APP_000215;STU_000215;True;True;Eltern;Approved
APP_000216;STU_000216;True;False;Eltern;Approved
APP_000217;STU_000217;True;False;Eltern;Approved
APP_000218;STU_000218;True;False;Eltern;Rejected
APP_000219;STU_000219;True;False;Alleine;Approved
APP_000220;STU_000220;True;True;Alleine;Approved
APP_000221;STU_000221;True;False;Alleine;Approved
APP_000222;STU_000222;True;False;Alleine;Approved
APP_000223;STU_000223;True;False;Alleine;Approved
APP_000224;STU_000224;True;False;Alleine;Rejected
APP_000225;STU_000225;True;False;Eltern;Rejected
APP_000226;STU_000226;True;False;Alleine;Approved
APP_000227;STU_000227;True;True;Alleine;Approved
APP_000228;STU_000228;True;False;Eltern;Approved
APP_000229;STU_000229;True;False;Alleine;Rejected
APP_000230;STU_000230;True;False;Alleine;Approved
APP_000231;STU_000231;True;False;Eltern;Approved
APP_000232;STU_000232;True;True;Alleine;Approved
APP_000233;STU_000233;True;False;Eltern;Approved
APP_000234;STU_000234;True;False;Eltern;Approved
APP_000235;STU_000235;True;False;Alleine;Approved
APP_000236;STU_000236;True;False;Eltern;Approved
APP_000237;STU_000237;True;False;Eltern;Approved
APP_000238;STU_000238;True;False;Eltern;Approved
APP_000239;STU_000239;True;False;Alleine;Approved
APP_000240;STU_000240;True;True;Eltern;Approved
APP_000241;STU_000241;True;False;Eltern;Approved
APP_000242;STU_000242;True;True;Eltern;Rejected
APP_000243;STU_000243;True;False;Eltern;Approved
APP_000244;STU_000244;True;False;Eltern;Approved
APP_000245;STU_000245;True;False;Alleine;Approved
APP_000246;STU_000246;True;False;Alleine;Approved
APP_000247;STU_000247;True;False;Eltern;Approved
APP_000248;STU_000248;True;False;Eltern;Approved
APP_000249;STU_000249;True;False;Alleine;Approved
APP_000250;STU_000250;True;False;Eltern;Rejected
APP_000251;STU_000251;True;False;Alleine;Approved
APP_000252;STU_000252;True;False;Eltern;Approved
APP_000253;STU_000253;True;False;Alleine;Approved
APP_000254;STU_000254;True;False;Alleine;Approved
APP_000255;STU_000255;True;True;Eltern;Approved
APP_000256;STU_000256;True;False;Alleine;Approved
APP_000257;STU_000257;True;False;Alleine;Approved
APP_000258;STU_000258;True;False;Eltern;Approved
APP_000259;STU_000259;True;False;Eltern;Approved
APP_000260;STU_000260;True;False;Eltern;Approved
APP_000261;STU_000261;True;False;Eltern;Approved
APP_000262;STU_000262;True;False;Eltern;Approved
APP_000263;STU_000263;True;False;Alleine;Rejected
APP_000264;STU_000264;True;False;Eltern;Approved
APP_000265;STU_000265;True;False;Alleine;Approved
APP_000266;STU_000266;True;False;Alleine;Rejected
APP_000267;STU_000267;True;False;Alleine;Approved
APP_000268;STU_000268;True;False;Eltern;Rejected
APP_000269;STU_000269;True;False;Eltern;Approved
APP_000270;STU_000270;True;True;Alleine;Rejected
APP_000271;STU_000271;True;True;Alleine;Approved
APP_000272;STU_000272;True;False;Alleine;Approved
APP_000273;STU_000273;True;False;Eltern;Rejected
APP_000274;STU_000274;True;True;Alleine;Rejected
APP_000275;STU_000275;True;False;Eltern;Rejected
APP_000276;STU_000276;True;False;Alleine;Approved
APP_000277;STU_000277;True;False;Eltern;Rejected
APP_000278;STU_000278;True;False;Eltern;Approved
APP_000279;STU_000279;True;False;Alleine;Approved
APP_000280;STU_000280;True;False;Eltern;Approved
APP_000281;STU_000281;True;False;Eltern;Approved
APP_000282;STU_000282;True;False;Eltern;Approved
APP_000283;STU_000283;True;False;Eltern;Approved
APP_000284;STU_000284;True;True;Eltern;Approved
APP_000285;STU_000285;True;False;Alleine;Approved
APP_000286;STU_000286;True;False;Alleine;Approved
APP_000287;STU_000287;True;False;Alleine;Approved
APP_000288;STU_000288;True;False;Eltern;Approved
APP_000289;STU_000289;True;False;Alleine;Approved
APP_000290;STU_000290;True;False;Eltern;Approved
APP_000291;STU_000291;True;False;Alleine;Approved
APP_000292;STU_000292;True;False;Eltern;Approved
APP_000293;STU_000293;True;False;Eltern;Approved
APP_000294;STU_000294;True;True;Alleine;Rejected
APP_000295;STU_000295;True;False;Eltern;Rejected
APP_000296;STU_000296;True;False;Eltern;Approved
APP_000297;STU_000297;True;False;Eltern;Approved
APP_000298;STU_000298;True;False;Eltern;Approved
APP_000299;STU_000299;True;False;Alleine;Approved
APP_000300;STU_000300;True;False;Eltern;Approved
APP_000301;STU_000301;True;False;Alleine;Approved
APP_000302;STU_000302;True;True;Alleine;Approved
APP_000303;STU_000303;True;False;Alleine;Approved
APP_000304;STU_000304;True;False;Eltern;Rejected
APP_000305;STU_000305;True;False;Alleine;Approved
APP_000306;STU_000306;True;False;Eltern;Rejected
APP_000307;STU_000307;True;False;Eltern;Approved
APP_000308;STU_000308;True;True;Alleine;Approved
APP_000309;STU_000309;True;False;Eltern;Approved
APP_000310;STU_000310;True;False;Eltern;Approved
APP_000311;STU_000311;True;True;Alleine;Rejected
APP_000312;STU_000312;True;False;Alleine;Rejected
APP_000313;STU_000313;True;False;Alleine;Approved
APP_000314;STU_000314;True;False;Eltern;Rejected
APP_000315;STU_000315;True;False;Alleine;Approved
APP_000316;STU_000316;True;False;Eltern;Approved
APP_000317;STU_000317;True;False;Alleine;Approved
APP_000318;STU_000318;True;False;Alleine;Approved
APP_000319;STU_000319;True;False;Eltern;Approved
APP_000320;STU_000320;True;False;Alleine;Approved
APP_000321;STU_000321;True;False;Alleine;Approved
APP_000322;STU_000322;True;False;Alleine;Rejected
APP_000323;STU_000323;True;False;Alleine;Approved
APP_000324;STU_000324;True;False;Alleine;Approved
APP_000325;STU_000325;True;False;Alleine;Approved
APP_000326;STU_000326;True;False;Eltern;Approved
APP_000327;STU_000327;True;False;Alleine;Rejected
APP_000328;STU_000328;True;False;Alleine;Approved
APP_000329;STU_000329;True;False;Eltern;Approved
APP_000330;STU_000330;True;False;Alleine;Approved
APP_000331;STU_000331;True;False;Alleine;Rejected
APP_000332;STU_000332;True;False;Alleine;Approved
APP_000333;STU_000333;True;False;Eltern;Approved
APP_000334;STU_000334;True;False;Alleine;Rejected
APP_000335;STU_000335;True;False;Eltern;Rejected
APP_000336;STU_000336;True;False;Alleine;Approved
APP_000337;STU_000337;True;False;Alleine;Approved
APP_000338;STU_000338;True;False;Eltern;Approved
APP_000339;STU_000339;True;True;Alleine;Approved
APP_000340;STU_000340;True;False;Eltern;Approved
APP_000341;STU_000341;True;False;Eltern;Approved
APP_000342;STU_000342;True;True;Eltern;Rejected
APP_000343;STU_000343;True;True;Alleine;Approved
APP_000344;STU_000344;True;True;Alleine;Approved
APP_000345;STU_000345;True;False;Alleine;Approved
APP_000346;STU_000346;True;False;Eltern;Approved
APP_000347;STU_000347;True;False;Alleine;Approved
APP_000348;STU_000348;True;False;Eltern;Approved
APP_000349;STU_000349;True;False;Alleine;Rejected
APP_000350;STU_000350;True;False;Eltern;Approved
APP_000351;STU_000351;True;False;Alleine;Approved
APP_000352;STU_000352;True;False;Eltern;Approved
APP_000353;STU_000353;True;False;Eltern;Approved
APP_000354;STU_000354;True;False;Eltern;Approved
APP_000355;STU_000355;True;False;Eltern;Approved
APP_000356;STU_000356;True;False;Alleine;Approved
APP_000357;STU_000357;True;False;Alleine;Approved
APP_000358;STU_000358;True;False;Alleine;Rejected
APP_000359;STU_000359;True;False;Alleine;Approved
APP_000360;STU_000360;True;True;Alleine;Approved
APP_000361;STU_000361;True;False;Alleine;Approved
APP_000362;STU_000362;True;False;Eltern;Rejected
APP_000363;STU_000363;True;False;Eltern;Rejected
APP_000364;STU_000364;True;False;Eltern;Approved
APP_000365;STU_000365;True;True;Alleine;Approved
APP_000366;STU_000366;True;False;Eltern;Approved
APP_000367;STU_000367;True;False;Eltern;Approved
APP_000368;STU_000368;True;False;Eltern;Approved
APP_000369;STU_000369;True;False;Alleine;Approved
APP_000370;STU_000370;True;True;Alleine;Approved
APP_000371;STU_000371;True;False;Eltern;Approved
APP_000372;STU_000372;True;False;Eltern;Approved
APP_000373;STU_000373;True;False;Alleine;Rejected
APP_000374;STU_000374;True;False;Alleine;Approved
APP_000375;STU_000375;True;False;Alleine;Approved
APP_000376;STU_000376;True;True;Alleine;Approved
APP_000377;STU_000377;True;False;Eltern;Approved
APP_000378;STU_000378;True;False;Eltern;Approved
APP_000379;STU_000379;True;True;Alleine;Approved
APP_000380;STU_000380;True;True;Eltern;Rejected
APP_000381;STU_000381;True;False;Eltern;Approved
APP_000382;STU_000382;True;False;Eltern;Approved
APP_000383;STU_000383;True;False;Alleine;Approved
APP_000384;STU_000384;True;False;Eltern;Approved
APP_000385;STU_000385;True;True;Alleine;Rejected
APP_000386;STU_000386;True;False;Alleine;Approved
APP_000387;STU_000387;True;True;Alleine;Approved
APP_000388;STU_000388;True;False;Alleine;Rejected
APP_000389;STU_000389;True;False;Eltern;Approved
APP_000390;STU_000390;True;False;Eltern;Approved
APP_000391;STU_000391;True;False;Eltern;Approved
APP_000392;STU_000392;True;False;Eltern;Approved
APP_000393;STU_000393;True;True;Eltern;Approved
APP_000394;STU_000394;True;False;Eltern;Approved
APP_000395;STU_000395;True;False;Eltern;Approved
APP_000396;STU_000396;True;False;Eltern;Approved
APP_000397;STU_000397;True;False;Alleine;Approved
APP_000398;STU_000398;True;True;Eltern;Rejected
APP_000399;STU_000399;True;False;Alleine;Approved
APP_000400;STU_000400;True;False;Eltern;Approved
APP_000401;STU_000401;True;True;Alleine;Approved
APP_000402;STU_000402;True;False;Alleine;Approved
APP_000403;STU_000403;True;False;Alleine;Approved
APP_000404;STU_000404;True;False;Eltern;Rejected
APP_000405;STU_000405;True;False;Alleine;Approved
APP_000406;STU_000406;True;False;Alleine;Approved
APP_000407;STU_000407;True;False;Eltern;Approved
APP_000408;STU_000408;True;False;Alleine;Approved
APP_000409;STU_000409;True;False;Eltern;Rejected
APP_000410;STU_000410;True;False;Alleine;Approved
APP_000411;STU_000411;True;False;Eltern;Approved
APP_000412;STU_000412;True;True;Eltern;Approved
APP_000413;STU_000413;True;False;Alleine;Approved
APP_000414;STU_000414;True;False;Alleine;Rejected
APP_000415;STU_000415;True;False;Eltern;Approved
APP_000416;STU_000416;True;False;Alleine;Approved
APP_000417;STU_000417;True;False;Alleine;Approved
APP_000418;STU_000418;True;False;Alleine;Approved
APP_000419;STU_000419;True;False;Eltern;Approved
APP_000420;STU_000420;True;False;Eltern;Approved
APP_000421;STU_000421;True;False;Eltern;Approved
APP_000422;STU_000422;True;False;Alleine;Approved
APP_000423;STU_000423;True;False;Eltern;Approved
APP_000424;STU_000424;True;False;Eltern;Rejected
APP_000425;STU_000425;True;False;Alleine;Approved
APP_000426;STU_000426;True;False;Eltern;Rejected
APP_000427;STU_000427;True;False;Alleine;Approved
APP_000428;STU_000428;True;False;Eltern;Approved
APP_000429;STU_000429;True;False;Eltern;Approved
APP_000430;STU_000430;True;False;Eltern;Approved
APP_000431;STU_000431;True;False;Alleine;Approved
APP_000432;STU_000432;True;False;Eltern;Approved
APP_000433;STU_000433;True;False;Alleine;Approved
APP_000434;STU_000434;True;False;Alleine;Approved
APP_000435;STU_000435;True;False;Alleine;Approved
APP_000436;STU_000436;True;True;Alleine;Approved
APP_000437;STU_000437;True;False;Alleine;Rejected
APP_000438;STU_000438;True;False;Alleine;Approved
APP_000439;STU_000439;True;True;Eltern;Rejected
APP_000440;STU_000440;True;False;Alleine;Approved
APP_000441;STU_000441;True;False;Alleine;Approved
APP_000442;STU_000442;True;True;Eltern;Approved
APP_000443;STU_000443;True;False;Alleine;Rejected
APP_000444;STU_000444;True;False;Alleine;Approved
APP_000445;STU_000445;True;True;Alleine;Approved
APP_000446;STU_000446;True;True;Eltern;Approved
APP_000447;STU_000447;True;True;Alleine;Approved
APP_000448;STU_000448;True;False;Alleine;Approved
APP_000449;STU_000449;True;True;Eltern;Rejected
APP_000450;STU_000450;True;False;Eltern;Approved
APP_000451;STU_000451;True;False;Eltern;Rejected
APP_000452;STU_000452;True;True;Eltern;Rejected
APP_000453;STU_000453;True;False;Alleine;Approved
APP_000454;STU_000454;True;True;Eltern;Approved
APP_000455;STU_000455;True;True;Alleine;Rejected
APP_000456;STU_000456;True;False;Alleine;Approved
APP_000457;STU_000457;True;True;Eltern;Approved
APP_000458;STU_000458;True;False;Eltern;Rejected
APP_000459;STU_000459;True;True;Eltern;Approved
APP_000460;STU_000460;True;False;Alleine;Rejected
APP_000461;STU_000461;True;False;Alleine;Approved
APP_000462;STU_000462;True;False;Alleine;Approved
APP_000463;STU_000463;True;False;Eltern;Approved
APP_000464;STU_000464;True;False;Alleine;Rejected
APP_000465;STU_000465;True;False;Eltern;Approved
APP_000466;STU_000466;True;False;Alleine;Approved
APP_000467;STU_000467;True;False;Eltern;Approved
APP_000468;STU_000468;True;False;Eltern;Rejected
APP_000469;STU_000469;True;True;Alleine;Rejected
APP_000470;STU_000470;True;False;Alleine;Approved
APP_000471;STU_000471;True;False;Alleine;Approved
APP_000472;STU_000472;True;False;Eltern;Approved
APP_000473;STU_000473;True;True;Alleine;Approved
APP_000474;STU_000474;True;False;Eltern;Approved
APP_000475;STU_000475;True;False;Alleine;Approved
APP_000476;STU_000476;True;False;Eltern;Approved
APP_000477;STU_000477;True;False;Alleine;Rejected
APP_000478;STU_000478;True;False;Eltern;Rejected
APP_000479;STU_000479;True;False;Alleine;Rejected
APP_000480;STU_000480;True;False;Eltern;Approved
APP_000481;STU_000481;True;True;Alleine;Approved
APP_000482;STU_000482;True;False;Alleine;Approved
APP_000483;STU_000483;True;False;Alleine;Rejected
APP_000484;STU_000484;True;False;Alleine;Rejected
APP_000485;STU_000485;True;False;Eltern;Approved
APP_000486;STU_000486;True;False;Alleine;Approved
APP_000487;STU_000487;True;False;Eltern;Approved
APP_000488;STU_000488;True;False;Alleine;Approved
APP_000489;STU_000489;True;False;Eltern;Rejected
APP_000490;STU_000490;True;False;Alleine;Approved
APP_000491;STU_000491;True;False;Alleine;Rejected
APP_000492;STU_000492;True;False;Alleine;Approved
APP_000493;STU_000493;True;False;Eltern;Rejected
APP_000494;STU_000494;True;False;Eltern;Approved
APP_000495;STU_000495;True;False;Eltern;Approved
APP_000496;STU_000496;True;False;Eltern;Approved
APP_000497;STU_000497;True;False;Eltern;Approved
APP_000498;STU_000498;True;True;Alleine;Approved
APP_000499;STU_000499;True;False;Alleine;Approved
APP_000500;STU_000500;True;False;Eltern;Rejected
APP_000501;STU_000501;True;False;Alleine;Approved
APP_000502;STU_000502;True;False;Alleine;Rejected
APP_000503;STU_000503;True;False;Eltern;Approved
APP_000504;STU_000504;True;False;Eltern;Rejected
APP_000505;STU_000505;True;False;Eltern;Rejected
APP_000506;STU_000506;True;False;Alleine;Approved
APP_000507;STU_000507;True;False;Alleine;Rejected
APP_000508;STU_000508;True;False;Alleine;Approved
APP_000509;STU_000509;True;False;Eltern;Rejected
APP_000510;STU_000510;True;False;Eltern;Approved
APP_000511;STU_000511;True;False;Alleine;Approved
APP_000512;STU_000512;True;False;Alleine;Approved
APP_000513;STU_000513;True;False;Eltern;Approved
APP_000514;STU_000514;True;False;Eltern;Approved
APP_000515;STU_000515;True;False;Eltern;Approved
APP_000516;STU_000516;True;False;Alleine;Approved
APP_000517;STU_000517;True;False;Alleine;Rejected
APP_000518;STU_000518;True;False;Alleine;Approved
APP_000519;STU_000519;True;False;Alleine;Approved
APP_000520;STU_000520;True;False;Alleine;Rejected
APP_000521;STU_000521;True;True;Eltern;Approved
APP_000522;STU_000522;True;False;Eltern;Approved
APP_000523;STU_000523;True;False;Eltern;Approved
APP_000524;STU_000524;True;False;Eltern;Rejected
APP_000525;STU_000525;True;False;Eltern;Approved
APP_000526;STU_000526;True;False;Eltern;Approved
APP_000527;STU_000527;True;False;Eltern;Approved
APP_000528;STU_000528;True;False;Alleine;Approved
APP_000529;STU_000529;True;False;Eltern;Approved
APP_000530;STU_000530;True;False;Alleine;Approved
APP_000531;STU_000531;True;False;Alleine;Approved
APP_000532;STU_000532;True;False;Alleine;Approved
APP_000533;STU_000533;True;False;Eltern;Approved
APP_000534;STU_000534;True;False;Eltern;Approved
APP_000535;STU_000535;True;True;Alleine;Approved
APP_000536;STU_000536;True;False;Alleine;Approved
APP_000537;STU_000537;True;False;Alleine;Approved
APP_000538;STU_000538;True;False;Eltern;Approved
APP_000539;STU_000539;True;False;Eltern;Approved
APP_000540;STU_000540;True;True;Alleine;Rejected
APP_000541;STU_000541;True;True;Alleine;Rejected
APP_000542;STU_000542;True;False;Eltern;Approved
APP_000543;STU_000543;True;False;Eltern;Approved
APP_000544;STU_000544;True;True;Alleine;Approved
APP_000545;STU_000545;True;False;Eltern;Approved
APP_000546;STU_000546;True;False;Eltern;Rejected
APP_000547;STU_000547;True;False;Eltern;Approved
APP_000548;STU_000548;True;True;Eltern;Approved
APP_000549;STU_000549;True;False;Eltern;Approved
APP_000550;STU_000550;True;False;Alleine;Rejected
APP_000551;STU_000551;True;True;Alleine;Approved
APP_000552;STU_000552;True;False;Eltern;Approved
APP_000553;STU_000553;True;False;Eltern;Rejected
APP_000554;STU_000554;True;False;Alleine;Approved
APP_000555;STU_000555;True;True;Alleine;Approved
APP_000556;STU_000556;True;False;Eltern;Rejected
APP_000557;STU_000557;True;True;Alleine;Approved
APP_000558;STU_000558;True;False;Alleine;Rejected
APP_000559;STU_000559;True;True;Eltern;Rejected
APP_000560;STU_000560;True;False;Alleine;Approved
APP_000561;STU_000561;True;False;Alleine;Approved
APP_000562;STU_000562;True;False;Alleine;Rejected
APP_000563;STU_000563;True;True;Alleine;Approved
APP_000564;STU_000564;True;True;Eltern;Rejected
APP_000565;STU_000565;True;False;Eltern;Approved
APP_000566;STU_000566;True;True;Alleine;Approved
APP_000567;STU_000567;True;False;Alleine;Rejected
APP_000568;STU_000568;True;False;Eltern;Rejected
APP_000569;STU_000569;True;False;Alleine;Approved
APP_000570;STU_000570;True;False;Eltern;Approved
APP_000571;STU_000571;True;True;Eltern;Rejected
APP_000572;STU_000572;True;False;Eltern;Approved
APP_000573;STU_000573;True;False;Alleine;Rejected
APP_000574;STU_000574;True;True;Alleine;Approved
APP_000575;STU_000575;True;False;Alleine;Rejected
APP_000576;STU_000576;True;False;Alleine;Approved
APP_000577;STU_000577;True;False;Eltern;Approved
APP_000578;STU_000578;True;False;Eltern;Rejected
APP_000579;STU_000579;True;False;Alleine;Rejected
APP_000580;STU_000580;True;True;Eltern;Rejected
APP_000581;STU_000581;True;False;Alleine;Approved
APP_000582;STU_000582;True;False;Eltern;Approved
APP_000583;STU_000583;True;False;Alleine;Approved
APP_000584;STU_000584;True;False;Alleine;Approved
APP_000585;STU_000585;True;True;Eltern;Approved
APP_000586;STU_000586;True;False;Eltern;Approved
APP_000587;STU_000587;True;False;Eltern;Approved
APP_000588;STU_000588;True;True;Eltern;Approved
APP_000589;STU_000589;True;False;Alleine;Approved
APP_000590;STU_000590;True;True;Alleine;Rejected
APP_000591;STU_000591;True;False;Eltern;Approved
APP_000592;STU_000592;True;False;Eltern;Approved
APP_000593;STU_000593;True;True;Alleine;Approved
APP_000594;STU_000594;True;False;Eltern;Approved
APP_000595;STU_000595;True;False;Eltern;Approved
APP_000596;STU_000596;True;False;Alleine;Approved
APP_000597;STU_000597;True;False;Alleine;Approved
APP_000598;STU_000598;True;False;Alleine;Approved
APP_000599;STU_000599;True;False;Alleine;Approved
APP_000600;STU_000600;True;False;Eltern;Approved
APP_000601;STU_000601;True;False;Alleine;Approved
APP_000602;STU_000602;True;False;Alleine;Approved
APP_000603;STU_000603;True;False;Alleine;Rejected
APP_000604;STU_000604;True;False;Alleine;Approved
APP_000605;STU_000605;True;False;Alleine;Approved
APP_000606;STU_000606;True;True;Eltern;Approved
APP_000607;STU_000607;True;False;Alleine;Approved
APP_000608;STU_000608;True;False;Eltern;Approved
APP_000609;STU_000609;True;False;Alleine;Rejected
APP_000610;STU_000610;True;False;Alleine;Approved
APP_000611;STU_000611;True;True;Eltern;Approved
APP_000612;STU_000612;True;False;Eltern;Approved
APP_000613;STU_000613;True;False;Alleine;Approved
APP_000614;STU_000614;True;False;Alleine;Rejected
APP_000615;STU_000615;True;False;Alleine;Approved
APP_000616;STU_000616;True;False;Alleine;Approved
APP_000617;STU_000617;True;False;Eltern;Approved
APP_000618;STU_000618;True;True;Alleine;Approved
APP_000619;STU_000619;True;False;Alleine;Approved
APP_000620;STU_000620;True;False;Eltern;Approved
APP_000621;STU_000621;True;False;Eltern;Approved
APP_000622;STU_000622;True;True;Eltern;Rejected
APP_000623;STU_000623;True;False;Eltern;Rejected
APP_000624;STU_000624;True;True;Eltern;Approved
APP_000625;STU_000625;True;False;Alleine;Approved
APP_000626;STU_000626;True;True;Alleine;Approved
APP_000627;STU_000627;True;False;Eltern;Approved
APP_000628;STU_000628;True;False;Alleine;Approved
APP_000629;STU_000629;True;True;Alleine;Rejected
APP_000630;STU_000630;True;True;Eltern;Rejected
APP_000631;STU_000631;True;False;Eltern;Approved
APP_000632;STU_000632;True;False;Alleine;Approved
APP_000633;STU_000633;True;True;Eltern;Approved
APP_000634;STU_000634;True;False;Eltern;Rejected
APP_000635;STU_000635;True;True;Eltern;Approved
APP_000636;STU_000636;True;False;Eltern;Approved
APP_000637;STU_000637;True;False;Eltern;Approved
APP_000638;STU_000638;True;False;Alleine;Rejected
APP_000639;STU_000639;True;False;Alleine;Approved
APP_000640;STU_000640;True;False;Eltern;Rejected
APP_000641;STU_000641;True;False;Eltern;Approved
APP_000642;STU_000642;True;False;Eltern;Approved
APP_000643;STU_000643;True;False;Eltern;Approved
APP_000644;STU_000644;True;False;Eltern;Approved
APP_000645;STU_000645;True;False;Eltern;Approved
APP_000646;STU_000646;True;False;Eltern;Approved
APP_000647;STU_000647;True;False;Eltern;Approved
APP_000648;STU_000648;True;False;Eltern;Approved
APP_000649;STU_000649;True;False;Eltern;Approved
APP_000650;STU_000650;True;False;Alleine;Rejected
APP_000651;STU_000651;True;False;Eltern;Approved
APP_000652;STU_000652;True;False;Eltern;Rejected
APP_000653;STU_000653;True;False;Eltern;Rejected
APP_000654;STU_000654;True;True;Alleine;Approved
APP_000655;STU_000655;True;False;Eltern;Approved
APP_000656;STU_000656;True;True;Alleine;Approved
APP_000657;STU_000657;True;False;Alleine;Approved
APP_000658;STU_000658;True;False;Alleine;Approved
APP_000659;STU_000659;True;False;Alleine;Rejected
APP_000660;STU_000660;True;False;Eltern;Approved
APP_000661;STU_000661;True;False;Eltern;Approved
APP_000662;STU_000662;True;True;Eltern;Rejected
APP_000663;STU_000663;True;False;Alleine;Approved
APP_000664;STU_000664;True;False;Alleine;Approved
APP_000665;STU_000665;True;False;Eltern;Rejected
APP_000666;STU_000666;True;False;Eltern;Approved
APP_000667;STU_000667;True;True;Alleine;Approved
APP_000668;STU_000668;True;False;Eltern;Approved
APP_000669;STU_000669;True;False;Eltern;Approved
APP_000670;STU_000670;True;False;Eltern;Approved
APP_000671;STU_000671;True;False;Eltern;Approved
APP_000672;STU_000672;True;False;Alleine;Rejected
APP_000673;STU_000673;True;False;Eltern;Rejected
APP_000674;STU_000674;True;False;Alleine;Approved
APP_000675;STU_000675;True;False;Alleine;Approved
APP_000676;STU_000676;True;False;Alleine;Approved
APP_000677;STU_000677;True;True;Alleine;Approved
APP_000678;STU_000678;True;False;Alleine;Approved
APP_000679;STU_000679;True;False;Eltern;Approved
APP_000680;STU_000680;True;True;Eltern;Approved
APP_000681;STU_000681;True;True;Eltern;Approved
APP_000682;STU_000682;True;False;Eltern;Approved
APP_000683;STU_000683;True;True;Alleine;Approved
APP_000684;STU_000684;True;False;Alleine;Approved
APP_000685;STU_000685;True;True;Eltern;Approved
APP_000686;STU_000686;True;False;Eltern;Approved
APP_000687;STU_000687;True;True;Eltern;Approved
APP_000688;STU_000688;True;False;Eltern;Approved
APP_000689;STU_000689;True;False;Eltern;Approved
APP_000690;STU_000690;True;True;Eltern;Approved
APP_000691;STU_000691;True;True;Eltern;Rejected
APP_000692;STU_000692;True;False;Alleine;Approved
APP_000693;STU_000693;True;False;Alleine;Rejected
APP_000694;STU_000694;True;False;Eltern;Approved
APP_000695;STU_000695;True;True;Alleine;Approved
APP_000696;STU_000696;True;False;Alleine;Rejected
APP_000697;STU_000697;True;False;Alleine;Rejected
APP_000698;STU_000698;True;False;Eltern;Approved
APP_000699;STU_000699;True;False;Eltern;Approved
APP_000700;STU_000700;True;False;Alleine;Approved
APP_000701;STU_000701;True;False;Alleine;Approved
APP_000702;STU_000702;True;False;Eltern;Approved
APP_000703;STU_000703;True;False;Alleine;Approved
APP_000704;STU_000704;True;False;Eltern;Approved
APP_000705;STU_000705;True;False;Alleine;Approved
APP_000706;STU_000706;True;False;Eltern;Approved
APP_000707;STU_000707;True;False;Alleine;Approved
APP_000708;STU_000708;True;False;Eltern;Approved
APP_000709;STU_000709;True;False;Eltern;Approved
APP_000710;STU_000710;True;True;Eltern;Approved
APP_000711;STU_000711;True;True;Alleine;Approved
APP_000712;STU_000712;True;True;Eltern;Approved
APP_000713;STU_000713;True;False;Eltern;Approved
APP_000714;STU_000714;True;False;Eltern;Approved
APP_000715;STU_000715;True;False;Alleine;Rejected
APP_000716;STU_000716;True;False;Alleine;Rejected
APP_000717;STU_000717;True;False;Eltern;Approved
APP_000718;STU_000718;True;True;Alleine;Rejected
APP_000719;STU_000719;True;True;Eltern;Approved
APP_000720;STU_000720;True;False;Alleine;Approved
APP_000721;STU_000721;True;False;Alleine;Approved
APP_000722;STU_000722;True;False;Eltern;Approved
APP_000723;STU_000723;True;False;Eltern;Rejected
APP_000724;STU_000724;True;False;Eltern;Approved
APP_000725;STU_000725;True;False;Eltern;Approved
APP_000726;STU_000726;True;False;Eltern;Approved
APP_000727;STU_000727;True;True;Eltern;Rejected
APP_000728;STU_000728;True;False;Alleine;Approved
APP_000729;STU_000729;True;False;Eltern;Approved
APP_000730;STU_000730;True;False;Alleine;Approved
APP_000731;STU_000731;True;False;Eltern;Approved
APP_000732;STU_000732;True;False;Alleine;Approved
APP_000733;STU_000733;True;True;Eltern;Approved
APP_000734;STU_000734;True;True;Alleine;Approved
APP_000735;STU_000735;True;False;Alleine;Approved
APP_000736;STU_000736;True;False;Eltern;Approved
APP_000737;STU_000737;True;False;Alleine;Rejected
APP_000738;STU_000738;True;False;Alleine;Approved
APP_000739;STU_000739;True;True;Alleine;Approved
APP_000740;STU_000740;True;True;Alleine;Rejected
APP_000741;STU_000741;True;False;Alleine;Approved
APP_000742;STU_000742;True;True;Eltern;Approved
APP_000743;STU_000743;True;True;Eltern;Rejected
APP_000744;STU_000744;True;False;Alleine;Approved
APP_000745;STU_000745;True;False;Alleine;Approved
APP_000746;STU_000746;True;False;Eltern;Approved
APP_000747;STU_000747;True;False;Alleine;Rejected
APP_000748;STU_000748;True;False;Alleine;Approved
APP_000749;STU_000749;True;False;Alleine;Approved
APP_000750;STU_000750;True;False;Alleine;Approved
APP_000751;STU_000751;True;False;Alleine;Rejected
APP_000752;STU_000752;True;False;Eltern;Approved
APP_000753;STU_000753;True;False;Eltern;Approved
APP_000754;STU_000754;True;False;Alleine;Approved
APP_000755;STU_000755;True;False;Eltern;Approved
APP_000756;STU_000756;True;False;Alleine;Approved
APP_000757;STU_000757;True;False;Eltern;Approved
APP_000758;STU_000758;True;False;Alleine;Approved
APP_000759;STU_000759;True;False;Alleine;Approved
APP_000760;STU_000760;True;False;Eltern;Approved
APP_000761;STU_000761;True;False;Eltern;Approved
APP_000762;STU_000762;True;True;Alleine;Approved
APP_000763;STU_000763;True;True;Alleine;Rejected
APP_000764;STU_000764;True;True;Alleine;Rejected
APP_000765;STU_000765;True;False;Alleine;Approved
APP_000766;STU_000766;True;True;Eltern;Rejected
APP_000767;STU_000767;True;False;Eltern;Approved
APP_000768;STU_000768;True;False;Eltern;Rejected
APP_000769;STU_000769;True;False;Eltern;Rejected
APP_000770;STU_000770;True;False;Alleine;Approved
APP_000771;STU_000771;True;False;Alleine;Approved
APP_000772;STU_000772;True;False;Eltern;Approved
APP_000773;STU_000773;True;False;Alleine;Approved
APP_000774;STU_000774;True;False;Eltern;Approved
APP_000775;STU_000775;True;False;Alleine;Rejected
APP_000776;STU_000776;True;False;Eltern;Approved
APP_000777;STU_000777;True;False;Eltern;Approved
APP_000778;STU_000778;True;False;Eltern;Approved
APP_000779;STU_000779;True;False;Eltern;Rejected
APP_000780;STU_000780;True;False;Alleine;Approved
APP_000781;STU_000781;True;False;Eltern;Rejected
APP_000782;STU_000782;True;False;Eltern;Approved
APP_000783;STU_000783;True;False;Alleine;Rejected
APP_000784;STU_000784;True;True;Eltern;Approved
APP_000785;STU_000785;True;False;Eltern;Rejected
APP_000786;STU_000786;True;False;Alleine;Approved
APP_000787;STU_000787;True;True;Eltern;Approved
APP_000788;STU_000788;True;True;Eltern;Approved
APP_000789;STU_000789;True;False;Alleine;Rejected
APP_000790;STU_000790;True;False;Alleine;Approved
APP_000791;STU_000791;True;False;Alleine;Approved
APP_000792;STU_000792;True;False;Eltern;Approved
APP_000793;STU_000793;True;True;Alleine;Approved
APP_000794;STU_000794;True;False;Alleine;Approved
APP_000795;STU_000795;True;False;Eltern;Approved
APP_000796;STU_000796;True;False;Alleine;Approved
APP_000797;STU_000797;True;False;Alleine;Approved
APP_000798;STU_000798;True;False;Eltern;Approved
APP_000799;STU_000799;True;False;Alleine;Approved
APP_000800;STU_000800;True;False;Alleine;Approved
APP_000801;STU_000801;True;False;Eltern;Approved
APP_000802;STU_000802;True;False;Eltern;Approved
APP_000803;STU_000803;True;False;Alleine;Approved
APP_000804;STU_000804;True;False;Alleine;Rejected
APP_000805;STU_000805;True;False;Eltern;Approved
APP_000806;STU_000806;True;False;Alleine;Approved
APP_000807;STU_000807;True;False;Eltern;Approved
APP_000808;STU_000808;True;False;Eltern;Approved
APP_000809;STU_000809;True;False;Eltern;Approved
APP_000810;STU_000810;True;False;Eltern;Approved
APP_000811;STU_000811;True;False;Eltern;Approved
APP_000812;STU_000812;True;False;Alleine;Approved
APP_000813;STU_000813;True;False;Eltern;Approved
APP_000814;STU_000814;True;False;Eltern;Approved
APP_000815;STU_000815;True;False;Eltern;Approved
APP_000816;STU_000816;True;False;Alleine;Approved
APP_000817;STU_000817;True;False;Alleine;Approved
APP_000818;STU_000818;True;False;Eltern;Approved
APP_000819;STU_000819;True;False;Alleine;Rejected
APP_000820;STU_000820;True;False;Alleine;Approved
APP_000821;STU_000821;True;False;Eltern;Approved
APP_000822;STU_000822;True;False;Eltern;Approved
APP_000823;STU_000823;True;True;Eltern;Approved
APP_000824;STU_000824;True;False;Alleine;Approved
APP_000825;STU_000825;True;False;Alleine;Approved
APP_000826;STU_000826;True;False;Alleine;Rejected
APP_000827;STU_000827;True;False;Alleine;Approved
APP_000828;STU_000828;True;False;Eltern;Approved
APP_000829;STU_000829;True;False;Eltern;Rejected
APP_000830;STU_000830;True;False;Alleine;Approved
APP_000831;STU_000831;True;True;Eltern;Approved
APP_000832;STU_000832;True;True;Eltern;Approved
APP_000833;STU_000833;True;False;Alleine;Approved
APP_000834;STU_000834;True;False;Eltern;Rejected
APP_000835;STU_000835;True;False;Eltern;Approved
APP_000836;STU_000836;True;False;Alleine;Rejected
APP_000837;STU_000837;True;False;Eltern;Approved
APP_000838;STU_000838;True;False;Alleine;Approved
APP_000839;STU_000839;True;False;Eltern;Rejected
APP_000840;STU_000840;True;False;Alleine;Rejected
APP_000841;STU_000841;True;False;Eltern;Rejected
APP_000842;STU_000842;True;False;Eltern;Rejected
APP_000843;STU_000843;True;False;Eltern;Approved
APP_000844;STU_000844;True;False;Eltern;Rejected
APP_000845;STU_000845;True;True;Eltern;Approved
APP_000846;STU_000846;True;False;Alleine;Approved
APP_000847;STU_000847;True;False;Eltern;Approved
APP_000848;STU_000848;True;False;Alleine;Approved
APP_000849;STU_000849;True;False;Eltern;Approved
APP_000850;STU_000850;True;False;Eltern;Approved
APP_000851;STU_000851;True;True;Alleine;Approved
APP_000852;STU_000852;True;False;Alleine;Approved
APP_000853;STU_000853;True;True;Eltern;Rejected
APP_000854;STU_000854;True;False;Alleine;Approved
APP_000855;STU_000855;True;False;Eltern;Approved
APP_000856;STU_000856;True;False;Alleine;Approved
APP_000857;STU_000857;True;False;Alleine;Rejected
APP_000858;STU_000858;True;True;Alleine;Approved
APP_000859;STU_000859;True;False;Alleine;Approved
APP_000860;STU_000860;True;False;Eltern;Rejected
APP_000861;STU_000861;True;False;Alleine;Rejected
APP_000862;STU_000862;True;False;Eltern;Rejected
APP_000863;STU_000863;True;True;Alleine;Approved
APP_000864;STU_000864;True;True;Alleine;Approved
APP_000865;STU_000865;True;False;Alleine;Rejected
APP_000866;STU_000866;True;False;Alleine;Rejected
APP_000867;STU_000867;True;False;Eltern;Approved
APP_000868;STU_000868;True;False;Eltern;Approved
APP_000869;STU_000869;True;False;Alleine;Approved
APP_000870;STU_000870;True;True;Eltern;Approved
APP_000871;STU_000871;True;False;Alleine;Approved
APP_000872;STU_000872;True;True;Alleine;Approved
APP_000873;STU_000873;True;False;Eltern;Approved
APP_000874;STU_000874;True;False;Eltern;Rejected
APP_000875;STU_000875;True;False;Eltern;Approved
APP_000876;STU_000876;True;True;Alleine;Approved
APP_000877;STU_000877;True;False;Alleine;Approved
APP_000878;STU_000878;True;True;Alleine;Rejected
APP_000879;STU_000879;True;True;Alleine;Approved
APP_000880;STU_000880;True;False;Alleine;Approved
APP_000881;STU_000881;True;False;Alleine;Approved
APP_000882;STU_000882;True;True;Eltern;Approved
APP_000883;STU_000883;True;False;Alleine;Approved
APP_000884;STU_000884;True;False;Eltern;Approved
APP_000885;STU_000885;True;True;Eltern;Approved
APP_000886;STU_000886;True;False;Eltern;Approved
APP_000887;STU_000887;True;False;Eltern;Approved
APP_000888;STU_000888;True;False;Eltern;Approved
APP_000889;STU_000889;True;False;Alleine;Approved
APP_000890;STU_000890;True;False;Alleine;Rejected
APP_000891;STU_000891;True;False;Alleine;Approved
APP_000892;STU_000892;True;False;Eltern;Approved
APP_000893;STU_000893;True;False;Eltern;Approved
APP_000894;STU_000894;True;False;Alleine;Approved
APP_000895;STU_000895;True;False;Alleine;Approved
APP_000896;STU_000896;True;False;Alleine;Approved
APP_000897;STU_000897;True;False;Eltern;Approved
APP_000898;STU_000898;True;False;Eltern;Approved
APP_000899;STU_000899;True;False;Alleine;Approved
APP_000900;STU_000900;True;False;Alleine;Approved
APP_000901;STU_000901;True;False;Alleine;Approved
APP_000902;STU_000902;True;False;Alleine;Approved
APP_000903;STU_000903;True;False;Eltern;Approved
APP_000904;STU_000904;True;False;Eltern;Approved
APP_000905;STU_000905;True;False;Alleine;Approved
APP_000906;STU_000906;True;False;Eltern;Rejected
APP_000907;STU_000907;True;False;Eltern;Approved
APP_000908;STU_000908;True;True;Alleine;Approved
APP_000909;STU_000909;True;False;Alleine;Approved
APP_000910;STU_000910;True;False;Eltern;Approved
APP_000911;STU_000911;True;False;Eltern;Approved
APP_000912;STU_000912;True;False;Eltern;Approved
APP_000913;STU_000913;True;False;Eltern;Approved
APP_000914;STU_000914;True;True;Alleine;Rejected
APP_000915;STU_000915;True;False;Alleine;Approved
APP_000916;STU_000916;True;False;Eltern;Approved
APP_000917;STU_000917;True;True;Eltern;Rejected
APP_000918;STU_000918;True;False;Eltern;Approved
APP_000919;STU_000919;True;False;Alleine;Approved
APP_000920;STU_000920;True;False;Eltern;Approved
APP_000921;STU_000921;True;True;Alleine;Approved
APP_000922;STU_000922;True;False;Eltern;Approved
APP_000923;STU_000923;True;False;Eltern;Rejected
APP_000924;STU_000924;True;False;Alleine;Rejected
APP_000925;STU_000925;True;False;Eltern;Approved
APP_000926;STU_000926;True;True;Alleine;Approved
APP_000927;STU_000927;True;False;Eltern;Approved
APP_000928;STU_000928;True;True;Alleine;Rejected
APP_000929;STU_000929;True;False;Alleine;Approved
APP_000930;STU_000930;True;False;Eltern;Approved
APP_000931;STU_000931;True;False;Alleine;Rejected
APP_000932;STU_000932;True;False;Eltern;Rejected
APP_000933;STU_000933;True;True;Eltern;Approved
APP_000934;STU_000934;True;False;Eltern;Approved
APP_000935;STU_000935;True;False;Eltern;Approved
APP_000936;STU_000936;True;False;Alleine;Approved
APP_000937;STU_000937;True;False;Alleine;Approved
APP_000938;STU_000938;True;False;Alleine;Approved
APP_000939;STU_000939;True;False;Alleine;Approved
APP_000940;STU_000940;True;False;Alleine;Approved
APP_000941;STU_000941;True;False;Alleine;Approved
APP_000942;STU_000942;True;True;Eltern;Approved
APP_000943;STU_000943;True;False;Eltern;Approved
APP_000944;STU_000944;True;False;Eltern;Approved
APP_000945;STU_000945;True;False;Alleine;Approved
APP_000946;STU_000946;True;False;Eltern;Approved
APP_000947;STU_000947;True;False;Alleine;Rejected
APP_000948;STU_000948;True;False;Alleine;Approved
APP_000949;STU_000949;True;False;Eltern;Rejected
APP_000950;STU_000950;True;False;Eltern;Rejected
APP_000951;STU_000951;True;True;Eltern;Approved
APP_000952;STU_000952;True;False;Alleine;Approved
APP_000953;STU_000953;True;False;Eltern;Approved
APP_000954;STU_000954;True;False;Alleine;Approved
APP_000955;STU_000955;True;False;Eltern;Approved
APP_000956;STU_000956;True;False;Eltern;Approved
APP_000957;STU_000957;True;False;Eltern;Approved
APP_000958;STU_000958;True;True;Eltern;Rejected
APP_000959;STU_000959;True;False;Alleine;Rejected
APP_000960;STU_000960;True;False;Alleine;Rejected
APP_000961;STU_000961;True;False;Eltern;Rejected
APP_000962;STU_000962;True;False;Eltern;Approved
APP_000963;STU_000963;True;False;Eltern;Rejected
APP_000964;STU_000964;True;False;Alleine;Approved
APP_000965;STU_000965;True;False;Alleine;Approved
APP_000966;STU_000966;True;False;Alleine;Rejected
APP_000967;STU_000967;True;False;Alleine;Approved
APP_000968;STU_000968;True;True;Alleine;Approved
APP_000969;STU_000969;True;True;Alleine;Approved
APP_000970;STU_000970;True;False;Alleine;Approved
APP_000971;STU_000971;True;False;Eltern;Approved
APP_000972;STU_000972;True;False;Alleine;Approved
APP_000973;STU_000973;True;False;Alleine;Approved
APP_000974;STU_000974;True;False;Eltern;Rejected
APP_000975;STU_000975;True;False;Eltern;Approved
APP_000976;STU_000976;True;False;Eltern;Approved
APP_000977;STU_000977;True;False;Alleine;Approved
APP_000978;STU_000978;True;False;Eltern;Approved
APP_000979;STU_000979;True;True;Eltern;Approved
APP_000980;STU_000980;True;False;Eltern;Approved
APP_000981;STU_000981;True;True;Alleine;Approved
APP_000982;STU_000982;True;False;Eltern;Approved
APP_000983;STU_000983;True;False;Eltern;Rejected
APP_000984;STU_000984;True;False;Alleine;Approved
APP_000985;STU_000985;True;True;Alleine;Approved
APP_000986;STU_000986;True;False;Eltern;Approved
APP_000987;STU_000987;True;False;Alleine;Approved
APP_000988;STU_000988;True;False;Eltern;Approved
APP_000989;STU_000989;True;False;Alleine;Approved
APP_000990;STU_000990;True;True;Alleine;Approved
APP_000991;STU_000991;True;False;Alleine;Approved
APP_000992;STU_000992;True;False;Eltern;Approved
APP_000993;STU_000993;True;False;Alleine;Rejected
APP_000994;STU_000994;True;False;Eltern;Approved
APP_000995;STU_000995;True;False;Eltern;Approved
APP_000996;STU_000996;True;False;Eltern;Approved
APP_000997;STU_000997;True;False;Alleine;Approved
APP_000998;STU_000998;True;True;Alleine;Approved
APP_000999;STU_000999;True;True;Alleine;Approved
APP_001000;STU_001000;True;False;Eltern;Approved
APP_001001;STU_001001;True;False;Alleine;Rejected
APP_001002;STU_001002;True;False;Alleine;Approved
APP_001003;STU_001003;True;False;Eltern;Approved
APP_001004;STU_001004;True;False;Eltern;Rejected
APP_001005;STU_001005;True;False;Alleine;Rejected
APP_001006;STU_001006;True;False;Eltern;Approved
APP_001007;STU_001007;True;False;Alleine;Approved
APP_001008;STU_001008;True;True;Eltern;Approved
APP_001009;STU_001009;True;False;Alleine;Approved
APP_001010;STU_001010;True;False;Eltern;Approved
APP_001011;STU_001011;True;False;Eltern;Rejected
APP_001012;STU_001012;True;True;Eltern;Approved
APP_001013;STU_001013;True;False;Eltern;Approved
APP_001014;STU_001014;True;False;Alleine;Approved
APP_001015;STU_001015;True;False;Alleine;Rejected
APP_001016;STU_001016;True;False;Alleine;Approved
APP_001017;STU_001017;True;False;Alleine;Approved
APP_001018;STU_001018;True;False;Alleine;Approved
APP_001019;STU_001019;True;True;Alleine;Approved
APP_001020;STU_001020;True;False;Eltern;Approved
APP_001021;STU_001021;True;False;Eltern;Approved
APP_001022;STU_001022;True;False;Alleine;Rejected
APP_001023;STU_001023;True;False;Eltern;Approved
APP_001024;STU_001024;True;False;Alleine;Approved
APP_001025;STU_001025;True;True;Eltern;Rejected
APP_001026;STU_001026;True;False;Eltern;Rejected
APP_001027;STU_001027;True;False;Alleine;Approved
APP_001028;STU_001028;True;False;Eltern;Approved
APP_001029;STU_001029;True;False;Eltern;Approved
APP_001030;STU_001030;True;False;Eltern;Approved
APP_001031;STU_001031;True;False;Eltern;Rejected
APP_001032;STU_001032;True;True;Alleine;Approved
APP_001033;STU_001033;True;False;Eltern;Approved
APP_001034;STU_001034;True;False;Eltern;Rejected
APP_001035;STU_001035;True;False;Alleine;Approved
APP_001036;STU_001036;True;False;Eltern;Approved
APP_001037;STU_001037;True;False;Eltern;Approved
APP_001038;STU_001038;True;False;Eltern;Approved
APP_001039;STU_001039;True;False;Alleine;Approved
APP_001040;STU_001040;True;False;Alleine;Rejected
APP_001041;STU_001041;True;False;Eltern;Rejected
APP_001042;STU_001042;True;True;Alleine;Approved
APP_001043;STU_001043;True;False;Alleine;Rejected
APP_001044;STU_001044;True;False;Eltern;Approved
APP_001045;STU_001045;True;True;Eltern;Approved
APP_001046;STU_001046;True;False;Eltern;Approved
APP_001047;STU_001047;True;False;Eltern;Approved
APP_001048;STU_001048;True;False;Alleine;Rejected
APP_001049;STU_001049;True;False;Eltern;Approved
APP_001050;STU_001050;True;False;Alleine;Approved
APP_001051;STU_001051;True;False;Alleine;Approved
APP_001052;STU_001052;True;False;Alleine;Approved
APP_001053;STU_001053;True;True;Alleine;Approved
APP_001054;STU_001054;True;True;Alleine;Approved
APP_001055;STU_001055;True;False;Eltern;Approved
APP_001056;STU_001056;True;False;Alleine;Approved
APP_001057;STU_001057;True;False;Alleine;Rejected
APP_001058;STU_001058;True;False;Alleine;Approved
APP_001059;STU_001059;True;False;Alleine;Rejected
APP_001060;STU_001060;True;True;Alleine;Rejected
APP_001061;STU_001061;True;True;Alleine;Rejected
APP_001062;STU_001062;True;False;Eltern;Approved
APP_001063;STU_001063;True;False;Alleine;Rejected
APP_001064;STU_001064;True;False;Alleine;Approved
APP_001065;STU_001065;True;True;Eltern;Approved
APP_001066;STU_001066;True;False;Alleine;Approved
APP_001067;STU_001067;True;False;Alleine;Approved
APP_001068;STU_001068;True;False;Alleine;Approved
APP_001069;STU_001069;True;False;Alleine;Approved
APP_001070;STU_001070;True;False;Alleine;Approved
APP_001071;STU_001071;True;False;Alleine;Approved
APP_001072;STU_001072;True;False;Eltern;Approved
APP_001073;STU_001073;True;False;Alleine;Rejected
APP_001074;STU_001074;True;False;Alleine;Rejected
APP_001075;STU_001075;True;False;Eltern;Approved
APP_001076;STU_001076;True;False;Eltern;Approved
APP_001077;STU_001077;True;False;Eltern;Approved
APP_001078;STU_001078;True;False;Eltern;Approved
APP_001079;STU_001079;True;False;Alleine;Rejected
APP_001080;STU_001080;True;False;Eltern;Approved
APP_001081;STU_001081;True;False;Alleine;Approved
APP_001082;STU_001082;True;False;Alleine;Rejected
APP_001083;STU_001083;True;True;Alleine;Rejected
APP_001084;STU_001084;True;False;Alleine;Approved
APP_001085;STU_001085;True;False;Eltern;Approved
APP_001086;STU_001086;True;True;Eltern;Approved
APP_001087;STU_001087;True;False;Eltern;Rejected
APP_001088;STU_001088;True;True;Alleine;Approved
APP_001089;STU_001089;True;False;Eltern;Approved
APP_001090;STU_001090;True;False;Eltern;Approved
APP_001091;STU_001091;True;False;Eltern;Approved
APP_001092;STU_001092;True;False;Eltern;Approved
APP_001093;STU_001093;True;False;Eltern;Approved
APP_001094;STU_001094;True;False;Alleine;Rejected
APP_001095;STU_001095;True;False;Alleine;Rejected
APP_001096;STU_001096;True;False;Alleine;Approved
APP_001097;STU_001097;True;False;Alleine;Approved
APP_001098;STU_001098;True;False;Eltern;Approved
APP_001099;STU_001099;True;False;Alleine;Approved
APP_001100;STU_001100;True;False;Alleine;Rejected
APP_001101;STU_001101;True;False;Alleine;Rejected
APP_001102;STU_001102;True;False;Eltern;Approved
APP_001103;STU_001103;True;False;Alleine;Rejected
APP_001104;STU_001104;True;False;Eltern;Approved
APP_001105;STU_001105;True;False;Alleine;Rejected
APP_001106;STU_001106;True;False;Alleine;Approved
APP_001107;STU_001107;True;False;Alleine;Approved
APP_001108;STU_001108;True;True;Eltern;Approved
APP_001109;STU_001109;True;True;Eltern;Approved
APP_001110;STU_001110;True;False;Alleine;Approved
APP_001111;STU_001111;True;False;Eltern;Approved
APP_001112;STU_001112;True;False;Eltern;Approved
APP_001113;STU_001113;True;False;Alleine;Rejected
APP_001114;STU_001114;True;False;Eltern;Approved
APP_001115;STU_001115;True;True;Eltern;Approved
APP_001116;STU_001116;True;False;Alleine;Rejected
APP_001117;STU_001117;True;False;Alleine;Rejected
APP_001118;STU_001118;True;False;Eltern;Rejected
APP_001119;STU_001119;True;True;Alleine;Approved
APP_001120;STU_001120;True;False;Alleine;Approved
APP_001121;STU_001121;True;False;Alleine;Rejected
APP_001122;STU_001122;True;False;Eltern;Approved
APP_001123;STU_001123;True;False;Alleine;Approved
APP_001124;STU_001124;True;False;Eltern;Approved
APP_001125;STU_001125;True;False;Eltern;Rejected
APP_001126;STU_001126;True;False;Alleine;Approved
APP_001127;STU_001127;True;False;Eltern;Approved
APP_001128;STU_001128;True;False;Alleine;Approved
APP_001129;STU_001129;True;False;Eltern;Approved
APP_001130;STU_001130;True;False;Eltern;Approved
APP_001131;STU_001131;True;True;Eltern;Rejected
APP_001132;STU_001132;True;False;Eltern;Approved
APP_001133;STU_001133;True;True;Alleine;Approved
APP_001134;STU_001134;True;False;Alleine;Approved
APP_001135;STU_001135;True;False;Eltern;Approved
APP_001136;STU_001136;True;False;Eltern;Rejected
APP_001137;STU_001137;True;True;Alleine;Approved
APP_001138;STU_001138;True;False;Alleine;Approved
APP_001139;STU_001139;True;False;Eltern;Approved
APP_001140;STU_001140;True;False;Eltern;Approved
APP_001141;STU_001141;True;True;Eltern;Rejected
APP_001142;STU_001142;True;False;Eltern;Approved
APP_001143;STU_001143;True;False;Eltern;Rejected
APP_001144;STU_001144;True;False;Eltern;Approved
APP_001145;STU_001145;True;False;Eltern;Approved
APP_001146;STU_001146;True;False;Alleine;Approved
APP_001147;STU_001147;True;False;Eltern;Approved
APP_001148;STU_001148;True;False;Alleine;Rejected
APP_001149;STU_001149;True;False;Eltern;Approved
APP_001150;STU_001150;True;False;Eltern;Rejected
APP_001151;STU_001151;True;False;Alleine;Approved
APP_001152;STU_001152;True;False;Alleine;Approved
APP_001153;STU_001153;True;False;Eltern;Rejected
APP_001154;STU_001154;True;True;Eltern;Approved
APP_001155;STU_001155;True;False;Alleine;Approved
APP_001156;STU_001156;True;True;Alleine;Approved
APP_001157;STU_001157;True;False;Eltern;Approved
APP_001158;STU_001158;True;False;Alleine;Approved
APP_001159;STU_001159;True;False;Eltern;Approved
APP_001160;STU_001160;True;False;Alleine;Approved
APP_001161;STU_001161;True;False;Eltern;Rejected
APP_001162;STU_001162;True;False;Eltern;Approved
APP_001163;STU_001163;True;True;Eltern;Approved
APP_001164;STU_001164;True;True;Alleine;Approved
APP_001165;STU_001165;True;False;Alleine;Rejected
APP_001166;STU_001166;True;False;Alleine;Approved
APP_001167;STU_001167;True;False;Eltern;Approved
APP_001168;STU_001168;True;False;Eltern;Approved
APP_001169;STU_001169;True;False;Alleine;Approved
APP_001170;STU_001170;True;False;Eltern;Approved
APP_001171;STU_001171;True;False;Alleine;Approved
APP_001172;STU_001172;True;False;Alleine;Rejected
APP_001173;STU_001173;True;False;Eltern;Approved
APP_001174;STU_001174;True;False;Eltern;Approved
APP_001175;STU_001175;True;False;Alleine;Approved
APP_001176;STU_001176;True;True;Eltern;Approved
APP_001177;STU_001177;True;False;Eltern;Approved
APP_001178;STU_001178;True;True;Eltern;Approved
APP_001179;STU_001179;True;True;Alleine;Rejected
APP_001180;STU_001180;True;False;Alleine;Rejected
APP_001181;STU_001181;True;False;Eltern;Approved
APP_001182;STU_001182;True;False;Eltern;Approved
APP_001183;STU_001183;True;True;Alleine;Approved
APP_001184;STU_001184;True;True;Alleine;Approved
APP_001185;STU_001185;True;False;Alleine;Approved
APP_001186;STU_001186;True;False;Alleine;Approved
APP_001187;STU_001187;True;False;Alleine;Rejected
APP_001188;STU_001188;True;False;Eltern;Approved
APP_001189;STU_001189;True;False;Alleine;Approved
APP_001190;STU_001190;True;False;Eltern;Approved
APP_001191;STU_001191;True;False;Alleine;Approved
APP_001192;STU_001192;True;False;Alleine;Rejected
APP_001193;STU_001193;True;False;Alleine;Approved
APP_001194;STU_001194;True;True;Alleine;Approved
APP_001195;STU_001195;True;False;Eltern;Approved
APP_001196;STU_001196;True;False;Alleine;Rejected
APP_001197;STU_001197;True;False;Eltern;Approved
APP_001198;STU_001198;True;False;Eltern;Approved
APP_001199;STU_001199;True;False;Eltern;Approved
APP_001200;STU_001200;True;True;Alleine;Rejected
APP_001201;STU_001201;True;False;Eltern;Rejected
APP_001202;STU_001202;True;False;Alleine;Rejected
APP_001203;STU_001203;True;False;Alleine;Rejected
APP_001204;STU_001204;True;True;Alleine;Approved
APP_001205;STU_001205;True;False;Eltern;Approved
APP_001206;STU_001206;True;False;Eltern;Approved
APP_001207;STU_001207;True;False;Alleine;Approved
APP_001208;STU_001208;True;False;Alleine;Rejected
APP_001209;STU_001209;True;False;Alleine;Approved
APP_001210;STU_001210;True;False;Eltern;Approved
APP_001211;STU_001211;True;False;Alleine;Approved
APP_001212;STU_001212;True;False;Alleine;Rejected
APP_001213;STU_001213;True;False;Alleine;Approved
APP_001214;STU_001214;True;True;Alleine;Approved
APP_001215;STU_001215;True;False;Alleine;Approved
APP_001216;STU_001216;True;True;Eltern;Rejected
APP_001217;STU_001217;True;False;Alleine;Approved
APP_001218;STU_001218;True;False;Alleine;Approved
APP_001219;STU_001219;True;False;Alleine;Approved
APP_001220;STU_001220;True;False;Alleine;Approved
APP_001221;STU_001221;True;True;Eltern;Approved
APP_001222;STU_001222;True;False;Alleine;Rejected
APP_001223;STU_001223;True;False;Eltern;Rejected
APP_001224;STU_001224;True;False;Alleine;Approved
APP_001225;STU_001225;True;False;Eltern;Approved
APP_001226;STU_001226;True;False;Alleine;Approved
APP_001227;STU_001227;True;False;Eltern;Approved
APP_001228;STU_001228;True;False;Alleine;Approved
APP_001229;STU_001229;True;False;Eltern;Rejected
APP_001230;STU_001230;True;False;Alleine;Approved
APP_001231;STU_001231;True;False;Eltern;Approved
APP_001232;STU_001232;True;False;Alleine;Approved
APP_001233;STU_001233;True;False;Eltern;Approved
APP_001234;STU_001234;True;False;Alleine;Approved
APP_001235;STU_001235;True;False;Alleine;Approved
APP_001236;STU_001236;True;False;Alleine;Approved
APP_001237;STU_001237;True;False;Eltern;Rejected
APP_001238;STU_001238;True;False;Eltern;Rejected
APP_001239;STU_001239;True;False;Alleine;Approved
APP_001240;STU_001240;True;False;Alleine;Approved
APP_001241;STU_001241;True;False;Eltern;Approved
APP_001242;STU_001242;True;False;Eltern;Approved
APP_001243;STU_001243;True;False;Alleine;Approved
APP_001244;STU_001244;True;True;Eltern;Approved
APP_001245;STU_001245;True;False;Eltern;Approved
APP_001246;STU_001246;True;False;Alleine;Approved
APP_001247;STU_001247;True;True;Alleine;Rejected
APP_001248;STU_001248;True;False;Eltern;Approved
APP_001249;STU_001249;True;True;Alleine;Approved
APP_001250;STU_001250;True;True;Eltern;Approved
APP_001251;STU_001251;True;False;Alleine;Rejected
APP_001252;STU_001252;True;False;Alleine;Approved
APP_001253;STU_001253;True;True;Eltern;Rejected
APP_001254;STU_001254;True;False;Alleine;Approved
APP_001255;STU_001255;True;False;Eltern;Approved
APP_001256;STU_001256;True;False;Eltern;Approved
APP_001257;STU_001257;True;False;Eltern;Rejected
APP_001258;STU_001258;True;False;Alleine;Approved
APP_001259;STU_001259;True;True;Eltern;Rejected
APP_001260;STU_001260;True;True;Eltern;Rejected
APP_001261;STU_001261;True;False;Eltern;Approved
APP_001262;STU_001262;True;False;Eltern;Rejected
APP_001263;STU_001263;True;False;Alleine;Approved
APP_001264;STU_001264;True;False;Eltern;Rejected
APP_001265;STU_001265;True;True;Eltern;Approved
APP_001266;STU_001266;True;False;Alleine;Approved
APP_001267;STU_001267;True;False;Eltern;Approved
APP_001268;STU_001268;True;True;Eltern;Approved
APP_001269;STU_001269;True;False;Alleine;Approved
APP_001270;STU_001270;True;False;Eltern;Approved
APP_001271;STU_001271;True;False;Eltern;Approved
APP_001272;STU_001272;True;False;Alleine;Approved
APP_001273;STU_001273;True;False;Alleine;Approved
APP_001274;STU_001274;True;False;Alleine;Rejected
APP_001275;STU_001275;True;True;Alleine;Approved
APP_001276;STU_001276;True;True;Alleine;Approved
APP_001277;STU_001277;True;False;Alleine;Approved
APP_001278;STU_001278;True;True;Eltern;Approved
APP_001279;STU_001279;True;True;Alleine;Approved
APP_001280;STU_001280;True;False;Eltern;Rejected
APP_001281;STU_001281;True;False;Eltern;Approved
APP_001282;STU_001282;True;False;Eltern;Rejected
APP_001283;STU_001283;True;False;Eltern;Rejected
APP_001284;STU_001284;True;False;Alleine;Approved
APP_001285;STU_001285;True;False;Eltern;Rejected
APP_001286;STU_001286;True;False;Alleine;Rejected
APP_001287;STU_001287;True;False;Eltern;Approved
APP_001288;STU_001288;True;True;Alleine;Rejected
APP_001289;STU_001289;True;False;Alleine;Approved
APP_001290;STU_001290;True;False;Alleine;Rejected
APP_001291;STU_001291;True;False;Alleine;Rejected
APP_001292;STU_001292;True;False;Alleine;Approved
APP_001293;STU_001293;True;True;Eltern;Approved
APP_001294;STU_001294;True;False;Alleine;Approved
APP_001295;STU_001295;True;False;Alleine;Approved
APP_001296;STU_001296;True;False;Alleine;Rejected
APP_001297;STU_001297;True;False;Alleine;Approved
APP_001298;STU_001298;True;False;Alleine;Approved
APP_001299;STU_001299;True;False;Alleine;Rejected
APP_001300;STU_001300;True;False;Alleine;Approved
APP_001301;STU_001301;True;False;Eltern;Approved
APP_001302;STU_001302;True;False;Eltern;Approved
APP_001303;STU_001303;True;False;Eltern;Approved
APP_001304;STU_001304;True;False;Eltern;Approved
APP_001305;STU_001305;True;False;Alleine;Approved
APP_001306;STU_001306;True;False;Eltern;Approved
APP_001307;STU_001307;True;False;Eltern;Approved
APP_001308;STU_001308;True;False;Alleine;Approved
APP_001309;STU_001309;True;False;Alleine;Approved
APP_001310;STU_001310;True;False;Eltern;Rejected
APP_001311;STU_001311;True;True;Alleine;Rejected
APP_001312;STU_001312;True;False;Eltern;Approved
APP_001313;STU_001313;True;True;Alleine;Rejected
APP_001314;STU_001314;True;False;Eltern;Approved
APP_001315;STU_001315;True;False;Eltern;Approved
APP_001316;STU_001316;True;False;Alleine;Approved
APP_001317;STU_001317;True;True;Eltern;Approved
APP_001318;STU_001318;True;False;Alleine;Approved
APP_001319;STU_001319;True;False;Alleine;Approved
APP_001320;STU_001320;True;False;Alleine;Approved
APP_001321;STU_001321;True;False;Alleine;Rejected
APP_001322;STU_001322;True;False;Eltern;Approved
APP_001323;STU_001323;True;True;Alleine;Approved
APP_001324;STU_001324;True;False;Alleine;Approved
APP_001325;STU_001325;True;False;Eltern;Approved
APP_001326;STU_001326;True;False;Eltern;Approved
APP_001327;STU_001327;True;False;Eltern;Approved
APP_001328;STU_001328;True;False;Eltern;Approved
APP_001329;STU_001329;True;False;Alleine;Approved
APP_001330;STU_001330;True;False;Eltern;Approved
APP_001331;STU_001331;True;False;Eltern;Approved
APP_001332;STU_001332;True;True;Eltern;Rejected
APP_001333;STU_001333;True;False;Alleine;Approved
APP_001334;STU_001334;True;True;Eltern;Approved
APP_001335;STU_001335;True;True;Alleine;Approved
APP_001336;STU_001336;True;False;Alleine;Approved
APP_001337;STU_001337;True;False;Alleine;Approved
APP_001338;STU_001338;True;True;Eltern;Rejected
APP_001339;STU_001339;True;False;Alleine;Rejected
APP_001340;STU_001340;True;False;Alleine;Approved
APP_001341;STU_001341;True;False;Alleine;Approved
APP_001342;STU_001342;True;False;Eltern;Approved
APP_001343;STU_001343;True;False;Alleine;Approved
APP_001344;STU_001344;True;False;Alleine;Rejected
APP_001345;STU_001345;True;False;Eltern;Approved
APP_001346;STU_001346;True;False;Alleine;Approved
APP_001347;STU_001347;True;False;Alleine;Approved
APP_001348;STU_001348;True;False;Alleine;Rejected
APP_001349;STU_001349;True;False;Alleine;Approved
APP_001350;STU_001350;True;True;Eltern;Approved
APP_001351;STU_001351;True;False;Eltern;Approved
APP_001352;STU_001352;True;False;Alleine;Approved
APP_001353;STU_001353;True;True;Alleine;Approved
APP_001354;STU_001354;True;False;Alleine;Approved
APP_001355;STU_001355;True;False;Alleine;Approved
APP_001356;STU_001356;True;True;Alleine;Rejected
APP_001357;STU_001357;True;False;Alleine;Approved
APP_001358;STU_001358;True;False;Alleine;Approved
APP_001359;STU_001359;True;False;Alleine;Rejected
APP_001360;STU_001360;True;False;Alleine;Approved
APP_001361;STU_001361;True;False;Alleine;Approved
APP_001362;STU_001362;True;False;Alleine;Approved
APP_001363;STU_001363;True;False;Eltern;Rejected
APP_001364;STU_001364;True;False;Eltern;Approved
APP_001365;STU_001365;True;False;Eltern;Approved
APP_001366;STU_001366;True;False;Eltern;Approved
APP_001367;STU_001367;True;True;Eltern;Approved
APP_001368;STU_001368;True;True;Alleine;Approved
APP_001369;STU_001369;True;False;Alleine;Rejected
APP_001370;STU_001370;True;False;Alleine;Approved
APP_001371;STU_001371;True;True;Alleine;Approved
APP_001372;STU_001372;True;False;Alleine;Approved
APP_001373;STU_001373;True;False;Eltern;Approved
APP_001374;STU_001374;True;False;Alleine;Approved
APP_001375;STU_001375;True;False;Alleine;Approved
APP_001376;STU_001376;True;False;Eltern;Approved
APP_001377;STU_001377;True;False;Alleine;Rejected
APP_001378;STU_001378;True;False;Alleine;Approved
APP_001379;STU_001379;True;False;Alleine;Approved
APP_001380;STU_001380;True;True;Alleine;Approved
APP_001381;STU_001381;True;False;Eltern;Approved
APP_001382;STU_001382;True;True;Alleine;Approved
APP_001383;STU_001383;True;True;Eltern;Rejected
APP_001384;STU_001384;True;False;Alleine;Approved
APP_001385;STU_001385;True;False;Alleine;Approved
APP_001386;STU_001386;True;False;Eltern;Approved
APP_001387;STU_001387;True;False;Alleine;Rejected
APP_001388;STU_001388;True;False;Alleine;Approved
APP_001389;STU_001389;True;False;Alleine;Approved
APP_001390;STU_001390;True;False;Eltern;Approved
APP_001391;STU_001391;True;False;Eltern;Rejected
APP_001392;STU_001392;True;False;Eltern;Approved
APP_001393;STU_001393;True;True;Eltern;Approved
APP_001394;STU_001394;True;False;Eltern;Rejected
APP_001395;STU_001395;True;False;Alleine;Approved
APP_001396;STU_001396;True;False;Alleine;Approved
APP_001397;STU_001397;True;True;Eltern;Approved
APP_001398;STU_001398;True;False;Alleine;Rejected
APP_001399;STU_001399;True;False;Alleine;Rejected
APP_001400;STU_001400;True;False;Eltern;Rejected
APP_001401;STU_001401;True;False;Alleine;Approved
APP_001402;STU_001402;True;False;Eltern;Approved
APP_001403;STU_001403;True;False;Alleine;Rejected
APP_001404;STU_001404;True;False;Eltern;Rejected
APP_001405;STU_001405;True;False;Alleine;Approved
APP_001406;STU_001406;True;False;Alleine;Rejected
APP_001407;STU_001407;True;False;Eltern;Approved
APP_001408;STU_001408;True;False;Alleine;Approved
APP_001409;STU_001409;True;False;Alleine;Rejected
APP_001410;STU_001410;True;False;Eltern;Approved
APP_001411;STU_001411;True;False;Eltern;Rejected
APP_001412;STU_001412;True;True;Alleine;Approved
APP_001413;STU_001413;True;False;Alleine;Approved
APP_001414;STU_001414;True;False;Alleine;Approved
APP_001415;STU_001415;True;True;Alleine;Approved
APP_001416;STU_001416;True;True;Alleine;Rejected
APP_001417;STU_001417;True;True;Eltern;Approved
APP_001418;STU_001418;True;False;Alleine;Rejected
APP_001419;STU_001419;True;False;Alleine;Rejected
APP_001420;STU_001420;True;False;Alleine;Approved
APP_001421;STU_001421;True;False;Alleine;Rejected
APP_001422;STU_001422;True;False;Alleine;Approved
APP_001423;STU_001423;True;False;Alleine;Approved
APP_001424;STU_001424;True;False;Alleine;Rejected
APP_001425;STU_001425;True;False;Alleine;Approved
APP_001426;STU_001426;True;False;Eltern;Approved
APP_001427;STU_001427;True;False;Eltern;Rejected
APP_001428;STU_001428;True;False;Eltern;Approved
APP_001429;STU_001429;True;False;Eltern;Approved
APP_001430;STU_001430;True;False;Alleine;Approved
APP_001431;STU_001431;True;False;Alleine;Approved
APP_001432;STU_001432;True;False;Alleine;Approved
APP_001433;STU_001433;True;False;Alleine;Approved
APP_001434;STU_001434;True;False;Eltern;Approved
APP_001435;STU_001435;True;True;Alleine;Approved
APP_001436;STU_001436;True;False;Eltern;Approved
APP_001437;STU_001437;True;False;Alleine;Approved
APP_001438;STU_001438;True;False;Alleine;Approved
APP_001439;STU_001439;True;False;Alleine;Rejected
APP_001440;STU_001440;True;False;Eltern;Approved
APP_001441;STU_001441;True;False;Alleine;Approved
APP_001442;STU_001442;True;True;Alleine;Rejected
APP_001443;STU_001443;True;False;Eltern;Rejected
APP_001444;STU_001444;True;True;Alleine;Rejected
APP_001445;STU_001445;True;False;Eltern;Approved
APP_001446;STU_001446;True;False;Eltern;Approved
APP_001447;STU_001447;True;False;Alleine;Approved
APP_001448;STU_001448;True;False;Alleine;Approved
APP_001449;STU_001449;True;False;Eltern;Rejected
APP_001450;STU_001450;True;False;Alleine;Approved
APP_001451;STU_001451;True;False;Alleine;Rejected
APP_001452;STU_001452;True;False;Alleine;Approved
APP_001453;STU_001453;True;True;Eltern;Approved
APP_001454;STU_001454;True;False;Alleine;Rejected
APP_001455;STU_001455;True;False;Alleine;Approved
APP_001456;STU_001456;True;False;Alleine;Rejected
APP_001457;STU_001457;True;False;Eltern;Rejected
APP_001458;STU_001458;True;False;Alleine;Approved
APP_001459;STU_001459;True;False;Eltern;Approved
APP_001460;STU_001460;True;False;Alleine;Rejected
APP_001461;STU_001461;True;False;Eltern;Approved
APP_001462;STU_001462;True;False;Alleine;Approved
APP_001463;STU_001463;True;True;Eltern;Approved
APP_001464;STU_001464;True;True;Eltern;Rejected
APP_001465;STU_001465;True;False;Eltern;Approved
APP_001466;STU_001466;True;False;Eltern;Rejected
APP_001467;STU_001467;True;False;Eltern;Approved
APP_001468;STU_001468;True;False;Eltern;Approved
APP_001469;STU_001469;True;False;Eltern;Rejected
APP_001470;STU_001470;True;False;Alleine;Rejected
APP_001471;STU_001471;True;True;Eltern;Approved
APP_001472;STU_001472;True;False;Alleine;Approved
APP_001473;STU_001473;True;False;Alleine;Approved
APP_001474;STU_001474;True;False;Alleine;Approved
APP_001475;STU_001475;True;False;Alleine;Approved
APP_001476;STU_001476;True;True;Eltern;Approved
APP_001477;STU_001477;True;False;Alleine;Approved
APP_001478;STU_001478;True;False;Eltern;Approved
APP_001479;STU_001479;True;False;Eltern;Approved
APP_001480;STU_001480;True;True;Eltern;Approved
APP_001481;STU_001481;True;False;Eltern;Rejected
APP_001482;STU_001482;True;True;Eltern;Approved
APP_001483;STU_001483;True;False;Eltern;Approved
APP_001484;STU_001484;True;False;Eltern;Approved
APP_001485;STU_001485;True;True;Alleine;Approved
APP_001486;STU_001486;True;False;Alleine;Approved
APP_001487;STU_001487;True;False;Alleine;Rejected
APP_001488;STU_001488;True;False;Alleine;Approved
APP_001489;STU_001489;True;True;Eltern;Approved
APP_001490;STU_001490;True;True;Alleine;Approved
APP_001491;STU_001491;True;False;Alleine;Approved
APP_001492;STU_001492;True;False;Eltern;Approved
APP_001493;STU_001493;True;False;Eltern;Approved
APP_001494;STU_001494;True;False;Eltern;Approved
APP_001495;STU_001495;True;False;Alleine;Approved
APP_001496;STU_001496;True;False;Alleine;Approved
APP_001497;STU_001497;True;False;Eltern;Approved
APP_001498;STU_001498;True;False;Eltern;Approved
APP_001499;STU_001499;True;False;Eltern;Rejected
APP_001500;STU_001500;True;False;Alleine;Rejected
APP_001501;STU_001501;True;False;Alleine;Approved
APP_001502;STU_001502;True;True;Eltern;Rejected
APP_001503;STU_001503;True;False;Eltern;Approved
APP_001504;STU_001504;True;True;Alleine;Approved
APP_001505;STU_001505;True;True;Eltern;Approved
APP_001506;STU_001506;True;False;Alleine;Approved
APP_001507;STU_001507;True;False;Eltern;Approved
APP_001508;STU_001508;True;False;Alleine;Approved
APP_001509;STU_001509;True;False;Alleine;Approved
APP_001510;STU_001510;True;False;Eltern;Approved
APP_001511;STU_001511;True;False;Eltern;Approved
APP_001512;STU_001512;True;False;Alleine;Approved
APP_001513;STU_001513;True;False;Alleine;Approved
APP_001514;STU_001514;True;True;Eltern;Approved
APP_001515;STU_001515;True;True;Eltern;Approved
APP_001516;STU_001516;True;False;Alleine;Approved
APP_001517;STU_001517;True;False;Eltern;Rejected
APP_001518;STU_001518;True;False;Eltern;Approved
APP_001519;STU_001519;True;False;Eltern;Approved
APP_001520;STU_001520;True;False;Eltern;Approved
APP_001521;STU_001521;True;False;Alleine;Rejected
APP_001522;STU_001522;True;False;Eltern;Approved
APP_001523;STU_001523;True;False;Alleine;Rejected
APP_001524;STU_001524;True;False;Alleine;Approved
APP_001525;STU_001525;True;True;Eltern;Rejected
APP_001526;STU_001526;True;False;Eltern;Approved
APP_001527;STU_001527;True;False;Eltern;Approved
APP_001528;STU_001528;True;True;Alleine;Rejected
APP_001529;STU_001529;True;False;Alleine;Approved
APP_001530;STU_001530;True;True;Alleine;Approved
APP_001531;STU_001531;True;False;Eltern;Approved
APP_001532;STU_001532;True;False;Alleine;Approved
APP_001533;STU_001533;True;False;Eltern;Rejected
APP_001534;STU_001534;True;False;Eltern;Approved
APP_001535;STU_001535;True;False;Eltern;Rejected
APP_001536;STU_001536;True;False;Eltern;Rejected
APP_001537;STU_001537;True;False;Alleine;Approved
APP_001538;STU_001538;True;False;Eltern;Approved
APP_001539;STU_001539;True;False;Alleine;Rejected
APP_001540;STU_001540;True;False;Eltern;Approved
APP_001541;STU_001541;True;False;Eltern;Rejected
APP_001542;STU_001542;True;False;Eltern;Approved
APP_001543;STU_001543;True;False;Alleine;Rejected
APP_001544;STU_001544;True;False;Alleine;Approved
APP_001545;STU_001545;True;True;Eltern;Approved
APP_001546;STU_001546;True;False;Eltern;Approved
APP_001547;STU_001547;True;False;Eltern;Approved
APP_001548;STU_001548;True;False;Alleine;Approved
APP_001549;STU_001549;True;True;Eltern;Approved
APP_001550;STU_001550;True;False;Alleine;Approved
APP_001551;STU_001551;True;False;Alleine;Rejected
APP_001552;STU_001552;True;True;Eltern;Approved
APP_001553;STU_001553;True;False;Alleine;Approved
APP_001554;STU_001554;True;True;Alleine;Approved
APP_001555;STU_001555;True;False;Eltern;Approved
APP_001556;STU_001556;True;False;Eltern;Approved
APP_001557;STU_001557;True;False;Alleine;Rejected
APP_001558;STU_001558;True;False;Alleine;Rejected
APP_001559;STU_001559;True;False;Alleine;Approved
APP_001560;STU_001560;True;False;Eltern;Approved
APP_001561;STU_001561;True;False;Eltern;Approved
APP_001562;STU_001562;True;True;Eltern;Approved
APP_001563;STU_001563;True;False;Eltern;Approved
APP_001564;STU_001564;True;False;Eltern;Rejected
APP_001565;STU_001565;True;False;Alleine;Approved
APP_001566;STU_001566;True;True;Alleine;Approved
APP_001567;STU_001567;True;False;Alleine;Approved
APP_001568;STU_001568;True;False;Alleine;Approved
APP_001569;STU_001569;True;True;Alleine;Approved
APP_001570;STU_001570;True;False;Eltern;Approved
APP_001571;STU_001571;True;False;Eltern;Approved
APP_001572;STU_001572;True;True;Eltern;Approved
APP_001573;STU_001573;True;False;Eltern;Approved
APP_001574;STU_001574;True;False;Eltern;Rejected
APP_001575;STU_001575;True;False;Eltern;Approved
APP_001576;STU_001576;True;False;Alleine;Approved
APP_001577;STU_001577;True;False;Eltern;Approved
APP_001578;STU_001578;True;False;Eltern;Approved
APP_001579;STU_001579;True;True;Eltern;Approved
APP_001580;STU_001580;True;False;Eltern;Approved
APP_001581;STU_001581;True;True;Eltern;Approved
APP_001582;STU_001582;True;False;Alleine;Approved
APP_001583;STU_001583;True;False;Alleine;Approved
APP_001584;STU_001584;True;False;Alleine;Approved
APP_001585;STU_001585;True;False;Eltern;Approved
APP_001586;STU_001586;True;False;Eltern;Approved
APP_001587;STU_001587;True;False;Eltern;Rejected
APP_001588;STU_001588;True;False;Eltern;Approved
APP_001589;STU_001589;True;False;Eltern;Rejected
APP_001590;STU_001590;True;False;Eltern;Approved
APP_001591;STU_001591;True;True;Alleine;Approved
APP_001592;STU_001592;True;False;Eltern;Approved
APP_001593;STU_001593;True;False;Alleine;Approved
APP_001594;STU_001594;True;False;Alleine;Approved
APP_001595;STU_001595;True;False;Alleine;Approved
APP_001596;STU_001596;True;False;Eltern;Approved
APP_001597;STU_001597;True;True;Eltern;Approved
APP_001598;STU_001598;True;False;Eltern;Rejected
APP_001599;STU_001599;True;False;Eltern;Approved
APP_001600;STU_001600;True;False;Alleine;Approved
APP_001601;STU_001601;True;False;Eltern;Approved
APP_001602;STU_001602;True;False;Alleine;Approved
APP_001603;STU_001603;True;False;Alleine;Approved
APP_001604;STU_001604;True;False;Eltern;Approved
APP_001605;STU_001605;True;False;Alleine;Approved
APP_001606;STU_001606;True;True;Alleine;Approved
APP_001607;STU_001607;True;False;Alleine;Rejected
APP_001608;STU_001608;True;False;Eltern;Approved
APP_001609;STU_001609;True;True;Eltern;Approved
APP_001610;STU_001610;True;False;Alleine;Rejected
APP_001611;STU_001611;True;True;Eltern;Approved
APP_001612;STU_001612;True;True;Alleine;Approved
APP_001613;STU_001613;True;True;Eltern;Rejected
APP_001614;STU_001614;True;False;Eltern;Approved
APP_001615;STU_001615;True;False;Alleine;Approved
APP_001616;STU_001616;True;False;Alleine;Approved
APP_001617;STU_001617;True;False;Alleine;Rejected
APP_001618;STU_001618;True;False;Alleine;Approved
APP_001619;STU_001619;True;False;Alleine;Rejected
APP_001620;STU_001620;True;False;Alleine;Approved
APP_001621;STU_001621;True;False;Eltern;Rejected
APP_001622;STU_001622;True;True;Eltern;Rejected
APP_001623;STU_001623;True;False;Eltern;Approved
APP_001624;STU_001624;True;False;Alleine;Approved
APP_001625;STU_001625;True;False;Eltern;Approved
APP_001626;STU_001626;True;True;Eltern;Rejected
APP_001627;STU_001627;True;False;Alleine;Approved
APP_001628;STU_001628;True;False;Eltern;Rejected
APP_001629;STU_001629;True;False;Eltern;Rejected
APP_001630;STU_001630;True;False;Alleine;Approved
APP_001631;STU_001631;True;False;Alleine;Rejected
APP_001632;STU_001632;True;True;Alleine;Approved
APP_001633;STU_001633;True;True;Alleine;Approved
APP_001634;STU_001634;True;True;Eltern;Approved
APP_001635;STU_001635;True;True;Eltern;Approved
APP_001636;STU_001636;True;False;Eltern;Approved
APP_001637;STU_001637;True;False;Alleine;Rejected
APP_001638;STU_001638;True;False;Eltern;Approved
APP_001639;STU_001639;True;True;Alleine;Approved
APP_001640;STU_001640;True;False;Alleine;Rejected
APP_001641;STU_001641;True;False;Eltern;Approved
APP_001642;STU_001642;True;False;Eltern;Approved
APP_001643;STU_001643;True;False;Alleine;Approved
APP_001644;STU_001644;True;False;Alleine;Approved
APP_001645;STU_001645;True;False;Eltern;Approved
APP_001646;STU_001646;True;True;Alleine;Approved
APP_001647;STU_001647;True;True;Alleine;Approved
APP_001648;STU_001648;True;False;Eltern;Rejected
APP_001649;STU_001649;True;False;Alleine;Approved
APP_001650;STU_001650;True;False;Eltern;Approved
APP_001651;STU_001651;True;False;Eltern;Approved
APP_001652;STU_001652;True;True;Alleine;Approved
APP_001653;STU_001653;True;False;Eltern;Approved
APP_001654;STU_001654;True;True;Eltern;Approved
APP_001655;STU_001655;True;False;Alleine;Approved
APP_001656;STU_001656;True;False;Alleine;Approved
APP_001657;STU_001657;True;True;Eltern;Approved
APP_001658;STU_001658;True;True;Alleine;Approved
APP_001659;STU_001659;True;False;Alleine;Rejected
APP_001660;STU_001660;True;False;Alleine;Approved
APP_001661;STU_001661;True;False;Alleine;Approved
APP_001662;STU_001662;True;False;Alleine;Approved
APP_001663;STU_001663;True;False;Eltern;Rejected
APP_001664;STU_001664;True;False;Eltern;Approved
APP_001665;STU_001665;True;False;Eltern;Rejected
APP_001666;STU_001666;True;True;Eltern;Approved
APP_001667;STU_001667;True;False;Alleine;Approved
APP_001668;STU_001668;True;False;Eltern;Approved
APP_001669;STU_001669;True;False;Eltern;Approved
APP_001670;STU_001670;True;False;Eltern;Approved
APP_001671;STU_001671;True;False;Eltern;Approved
APP_001672;STU_001672;True;False;Alleine;Approved
APP_001673;STU_001673;True;False;Alleine;Rejected
APP_001674;STU_001674;True;False;Alleine;Rejected
APP_001675;STU_001675;True;False;Alleine;Approved
APP_001676;STU_001676;True;False;Alleine;Approved
APP_001677;STU_001677;True;True;Eltern;Approved
APP_001678;STU_001678;True;True;Alleine;Rejected
APP_001679;STU_001679;True;False;Alleine;Approved
APP_001680;STU_001680;True;False;Eltern;Approved
APP_001681;STU_001681;True;False;Eltern;Approved
APP_001682;STU_001682;True;False;Eltern;Approved
APP_001683;STU_001683;True;True;Eltern;Rejected
APP_001684;STU_001684;True;False;Alleine;Rejected
APP_001685;STU_001685;True;True;Eltern;Approved
APP_001686;STU_001686;True;False;Alleine;Approved
APP_001687;STU_001687;True;False;Alleine;Rejected
APP_001688;STU_001688;True;False;Alleine;Approved
APP_001689;STU_001689;True;True;Alleine;Approved
APP_001690;STU_001690;True;False;Alleine;Rejected
APP_001691;STU_001691;True;True;Eltern;Approved
APP_001692;STU_001692;True;True;Alleine;Rejected
APP_001693;STU_001693;True;False;Eltern;Approved
APP_001694;STU_001694;True;False;Eltern;Approved
APP_001695;STU_001695;True;False;Alleine;Rejected
APP_001696;STU_001696;True;False;Alleine;Approved
APP_001697;STU_001697;True;False;Eltern;Approved
APP_001698;STU_001698;True;False;Alleine;Approved
APP_001699;STU_001699;True;False;Alleine;Approved
APP_001700;STU_001700;True;False;Alleine;Approved
APP_001701;STU_001701;True;False;Alleine;Approved
APP_001702;STU_001702;True;True;Eltern;Approved
APP_001703;STU_001703;True;True;Eltern;Approved
APP_001704;STU_001704;True;True;Eltern;Approved
APP_001705;STU_001705;True;False;Eltern;Approved
APP_001706;STU_001706;True;False;Eltern;Approved
APP_001707;STU_001707;True;False;Alleine;Approved
APP_001708;STU_001708;True;True;Alleine;Approved
APP_001709;STU_001709;True;False;Alleine;Approved
APP_001710;STU_001710;True;False;Alleine;Approved
APP_001711;STU_001711;True;False;Eltern;Approved
APP_001712;STU_001712;True;False;Alleine;Approved
APP_001713;STU_001713;True;False;Eltern;Approved
APP_001714;STU_001714;True;False;Eltern;Approved
APP_001715;STU_001715;True;False;Eltern;Approved
APP_001716;STU_001716;True;False;Eltern;Rejected
APP_001717;STU_001717;True;False;Alleine;Approved
APP_001718;STU_001718;True;False;Eltern;Approved
APP_001719;STU_001719;True;False;Alleine;Approved
APP_001720;STU_001720;True;True;Alleine;Approved
APP_001721;STU_001721;True;False;Eltern;Approved
APP_001722;STU_001722;True;False;Alleine;Rejected
APP_001723;STU_001723;True;False;Eltern;Approved
APP_001724;STU_001724;True;False;Eltern;Approved
APP_001725;STU_001725;True;False;Alleine;Approved
APP_001726;STU_001726;True;True;Eltern;Approved
APP_001727;STU_001727;True;False;Eltern;Approved
APP_001728;STU_001728;True;False;Eltern;Rejected
APP_001729;STU_001729;True;False;Alleine;Approved
APP_001730;STU_001730;True;False;Alleine;Rejected
APP_001731;STU_001731;True;False;Eltern;Approved
APP_001732;STU_001732;True;False;Eltern;Approved
APP_001733;STU_001733;True;False;Eltern;Approved
APP_001734;STU_001734;True;False;Eltern;Approved
APP_001735;STU_001735;True;True;Alleine;Rejected
APP_001736;STU_001736;True;False;Alleine;Approved
APP_001737;STU_001737;True;False;Eltern;Approved
APP_001738;STU_001738;True;False;Alleine;Approved
APP_001739;STU_001739;True;False;Alleine;Approved
APP_001740;STU_001740;True;True;Alleine;Approved
APP_001741;STU_001741;True;True;Eltern;Approved
APP_001742;STU_001742;True;False;Alleine;Rejected
APP_001743;STU_001743;True;False;Eltern;Rejected
APP_001744;STU_001744;True;False;Alleine;Approved
APP_001745;STU_001745;True;False;Alleine;Approved
APP_001746;STU_001746;True;False;Eltern;Approved
APP_001747;STU_001747;True;False;Eltern;Approved
APP_001748;STU_001748;True;False;Alleine;Approved
APP_001749;STU_001749;True;False;Eltern;Approved
APP_001750;STU_001750;True;False;Eltern;Approved
APP_001751;STU_001751;True;False;Alleine;Rejected
APP_001752;STU_001752;True;False;Alleine;Approved
APP_001753;STU_001753;True;False;Eltern;Approved
APP_001754;STU_001754;True;False;Alleine;Rejected
APP_001755;STU_001755;True;False;Eltern;Rejected
APP_001756;STU_001756;True;False;Eltern;Approved
APP_001757;STU_001757;True;False;Eltern;Rejected
APP_001758;STU_001758;True;True;Eltern;Approved
APP_001759;STU_001759;True;True;Alleine;Rejected
APP_001760;STU_001760;True;False;Alleine;Approved
APP_001761;STU_001761;True;False;Eltern;Approved
APP_001762;STU_001762;True;False;Eltern;Approved
APP_001763;STU_001763;True;False;Alleine;Approved
APP_001764;STU_001764;True;False;Eltern;Approved
APP_001765;STU_001765;True;False;Alleine;Rejected
APP_001766;STU_001766;True;False;Eltern;Approved
APP_001767;STU_001767;True;False;Eltern;Approved
APP_001768;STU_001768;True;False;Alleine;Approved
APP_001769;STU_001769;True;False;Alleine;Approved
APP_001770;STU_001770;True;False;Alleine;Approved
APP_001771;STU_001771;True;False;Eltern;Approved
APP_001772;STU_001772;True;False;Alleine;Approved
APP_001773;STU_001773;True;False;Eltern;Approved
APP_001774;STU_001774;True;True;Alleine;Approved
APP_001775;STU_001775;True;False;Eltern;Rejected
APP_001776;STU_001776;True;False;Eltern;Rejected
APP_001777;STU_001777;True;False;Alleine;Approved
APP_001778;STU_001778;True;False;Eltern;Approved
APP_001779;STU_001779;True;False;Eltern;Approved
APP_001780;STU_001780;True;False;Alleine;Rejected
APP_001781;STU_001781;True;True;Alleine;Rejected
APP_001782;STU_001782;True;False;Eltern;Approved
APP_001783;STU_001783;True;True;Alleine;Approved
APP_001784;STU_001784;True;False;Alleine;Approved
APP_001785;STU_001785;True;True;Alleine;Rejected
APP_001786;STU_001786;True;False;Alleine;Approved
APP_001787;STU_001787;True;False;Alleine;Approved
APP_001788;STU_001788;True;False;Eltern;Approved
APP_001789;STU_001789;True;False;Alleine;Rejected
APP_001790;STU_001790;True;False;Eltern;Rejected
APP_001791;STU_001791;True;True;Eltern;Approved
APP_001792;STU_001792;True;False;Alleine;Approved
APP_001793;STU_001793;True;False;Eltern;Rejected
APP_001794;STU_001794;True;True;Alleine;Rejected
APP_001795;STU_001795;True;False;Eltern;Approved
APP_001796;STU_001796;True;False;Alleine;Approved
APP_001797;STU_001797;True;False;Alleine;Approved
APP_001798;STU_001798;True;False;Eltern;Approved
APP_001799;STU_001799;True;False;Alleine;Approved
APP_001800;STU_001800;True;False;Eltern;Approved
APP_001801;STU_001801;True;True;Alleine;Approved
APP_001802;STU_001802;True;False;Eltern;Rejected
APP_001803;STU_001803;True;False;Eltern;Approved
APP_001804;STU_001804;True;True;Eltern;Rejected
APP_001805;STU_001805;True;False;Alleine;Rejected
APP_001806;STU_001806;True;False;Alleine;Approved
APP_001807;STU_001807;True;False;Alleine;Approved
APP_001808;STU_001808;True;False;Eltern;Rejected
APP_001809;STU_001809;True;False;Alleine;Approved
APP_001810;STU_001810;True;False;Alleine;Approved
APP_001811;STU_001811;True;False;Eltern;Approved
APP_001812;STU_001812;True;False;Alleine;Approved
APP_001813;STU_001813;True;True;Eltern;Rejected
APP_001814;STU_001814;True;False;Eltern;Approved
APP_001815;STU_001815;True;False;Alleine;Approved
APP_001816;STU_001816;True;False;Alleine;Approved
APP_001817;STU_001817;True;False;Eltern;Rejected
APP_001818;STU_001818;True;False;Eltern;Approved
APP_001819;STU_001819;True;False;Eltern;Approved
APP_001820;STU_001820;True;False;Eltern;Approved
APP_001821;STU_001821;True;True;Alleine;Approved
APP_001822;STU_001822;True;False;Eltern;Approved
APP_001823;STU_001823;True;False;Eltern;Approved
APP_001824;STU_001824;True;False;Alleine;Approved
APP_001825;STU_001825;True;True;Eltern;Approved
APP_001826;STU_001826;True;False;Eltern;Approved
APP_001827;STU_001827;True;False;Eltern;Rejected
APP_001828;STU_001828;True;False;Eltern;Approved
APP_001829;STU_001829;True;False;Eltern;Approved
APP_001830;STU_001830;True;True;Alleine;Approved
APP_001831;STU_001831;True;True;Eltern;Approved
APP_001832;STU_001832;True;False;Eltern;Approved
APP_001833;STU_001833;True;True;Alleine;Approved
APP_001834;STU_001834;True;False;Alleine;Rejected
APP_001835;STU_001835;True;False;Eltern;Rejected
APP_001836;STU_001836;True;False;Eltern;Approved
APP_001837;STU_001837;True;False;Eltern;Rejected
APP_001838;STU_001838;True;False;Eltern;Approved
APP_001839;STU_001839;True;False;Eltern;Approved
APP_001840;STU_001840;True;False;Eltern;Approved
APP_001841;STU_001841;True;False;Eltern;Rejected
APP_001842;STU_001842;True;False;Eltern;Rejected
APP_001843;STU_001843;True;False;Eltern;Rejected
APP_001844;STU_001844;True;True;Alleine;Approved
APP_001845;STU_001845;True;False;Alleine;Rejected
APP_001846;STU_001846;True;False;Eltern;Approved
APP_001847;STU_001847;True;False;Eltern;Approved
APP_001848;STU_001848;True;False;Alleine;Rejected
APP_001849;STU_001849;True;False;Eltern;Approved
APP_001850;STU_001850;True;False;Eltern;Approved
APP_001851;STU_001851;True;False;Alleine;Approved
APP_001852;STU_001852;True;False;Alleine;Approved
APP_001853;STU_001853;True;True;Eltern;Rejected
APP_001854;STU_001854;True;False;Eltern;Approved
APP_001855;STU_001855;True;False;Alleine;Rejected
APP_001856;STU_001856;True;False;Eltern;Rejected
APP_001857;STU_001857;True;False;Eltern;Approved
APP_001858;STU_001858;True;False;Eltern;Approved
APP_001859;STU_001859;True;False;Eltern;Approved
APP_001860;STU_001860;True;True;Alleine;Approved
APP_001861;STU_001861;True;False;Alleine;Approved
APP_001862;STU_001862;True;False;Alleine;Rejected
APP_001863;STU_001863;True;False;Alleine;Approved
APP_001864;STU_001864;True;False;Eltern;Rejected
APP_001865;STU_001865;True;False;Alleine;Approved
APP_001866;STU_001866;True;False;Alleine;Approved
APP_001867;STU_001867;True;False;Eltern;Approved
APP_001868;STU_001868;True;False;Eltern;Approved
APP_001869;STU_001869;True;False;Alleine;Approved
APP_001870;STU_001870;True;False;Alleine;Approved
APP_001871;STU_001871;True;False;Alleine;Approved
APP_001872;STU_001872;True;False;Eltern;Approved
APP_001873;STU_001873;True;False;Alleine;Approved
APP_001874;STU_001874;True;True;Eltern;Approved
APP_001875;STU_001875;True;False;Alleine;Approved
APP_001876;STU_001876;True;False;Alleine;Rejected
APP_001877;STU_001877;True;False;Eltern;Approved
APP_001878;STU_001878;True;False;Eltern;Approved
APP_001879;STU_001879;True;False;Alleine;Approved
APP_001880;STU_001880;True;False;Alleine;Rejected
APP_001881;STU_001881;True;False;Eltern;Rejected
APP_001882;STU_001882;True;False;Eltern;Approved
APP_001883;STU_001883;True;False;Eltern;Approved
APP_001884;STU_001884;True;False;Alleine;Approved
APP_001885;STU_001885;True;False;Eltern;Approved
APP_001886;STU_001886;True;False;Alleine;Approved
APP_001887;STU_001887;True;False;Eltern;Approved
APP_001888;STU_001888;True;True;Alleine;Approved
APP_001889;STU_001889;True;False;Eltern;Approved
APP_001890;STU_001890;True;False;Eltern;Approved
APP_001891;STU_001891;True;True;Alleine;Approved
APP_001892;STU_001892;True;False;Alleine;Approved
APP_001893;STU_001893;True;False;Alleine;Rejected
APP_001894;STU_001894;True;False;Alleine;Approved
APP_001895;STU_001895;True;False;Alleine;Approved
APP_001896;STU_001896;True;False;Alleine;Rejected
APP_001897;STU_001897;True;False;Eltern;Approved
APP_001898;STU_001898;True;True;Eltern;Rejected
APP_001899;STU_001899;True;False;Eltern;Rejected
APP_001900;STU_001900;True;False;Alleine;Rejected
APP_001901;STU_001901;True;False;Eltern;Approved
APP_001902;STU_001902;True;False;Alleine;Rejected
APP_001903;STU_001903;True;False;Eltern;Approved
APP_001904;STU_001904;True;False;Eltern;Approved
APP_001905;STU_001905;True;False;Eltern;Rejected
APP_001906;STU_001906;True;False;Alleine;Rejected
APP_001907;STU_001907;True;False;Alleine;Rejected
APP_001908;STU_001908;True;True;Alleine;Approved
APP_001909;STU_001909;True;True;Eltern;Rejected
APP_001910;STU_001910;True;False;Alleine;Approved
APP_001911;STU_001911;True;False;Alleine;Rejected
APP_001912;STU_001912;True;False;Eltern;Rejected
APP_001913;STU_001913;True;False;Eltern;Rejected
APP_001914;STU_001914;True;True;Alleine;Approved
APP_001915;STU_001915;True;True;Alleine;Approved
APP_001916;STU_001916;True;False;Alleine;Approved
APP_001917;STU_001917;True;True;Alleine;Approved
APP_001918;STU_001918;True;False;Alleine;Approved
APP_001919;STU_001919;True;False;Alleine;Approved
APP_001920;STU_001920;True;False;Alleine;Rejected
APP_001921;STU_001921;True;False;Alleine;Approved
APP_001922;STU_001922;True;False;Eltern;Rejected
APP_001923;STU_001923;True;False;Eltern;Approved
APP_001924;STU_001924;True;True;Eltern;Approved
APP_001925;STU_001925;True;False;Alleine;Approved
APP_001926;STU_001926;True;False;Eltern;Rejected
APP_001927;STU_001927;True;True;Alleine;Approved
APP_001928;STU_001928;True;False;Eltern;Approved
APP_001929;STU_001929;True;False;Eltern;Approved
APP_001930;STU_001930;True;True;Alleine;Approved
APP_001931;STU_001931;True;False;Alleine;Rejected
APP_001932;STU_001932;True;False;Alleine;Approved
APP_001933;STU_001933;True;False;Alleine;Approved
APP_001934;STU_001934;True;False;Eltern;Approved
APP_001935;STU_001935;True;False;Eltern;Rejected
APP_001936;STU_001936;True;True;Alleine;Approved
APP_001937;STU_001937;True;False;Eltern;Approved
APP_001938;STU_001938;True;False;Eltern;Rejected
APP_001939;STU_001939;True;False;Alleine;Approved
APP_001940;STU_001940;True;False;Eltern;Approved
APP_001941;STU_001941;True;False;Alleine;Rejected
APP_001942;STU_001942;True;False;Alleine;Rejected
APP_001943;STU_001943;True;True;Eltern;Approved
APP_001944;STU_001944;True;False;Eltern;Approved
APP_001945;STU_001945;True;False;Alleine;Approved
APP_001946;STU_001946;True;False;Eltern;Approved
APP_001947;STU_001947;True;True;Alleine;Rejected
APP_001948;STU_001948;True;False;Eltern;Approved
APP_001949;STU_001949;True;False;Eltern;Approved
APP_001950;STU_001950;True;False;Eltern;Approved
APP_001951;STU_001951;True;False;Alleine;Approved
APP_001952;STU_001952;True;False;Eltern;Approved
APP_001953;STU_001953;True;False;Alleine;Rejected
APP_001954;STU_001954;True;False;Eltern;Approved
APP_001955;STU_001955;True;False;Alleine;Approved
APP_001956;STU_001956;True;False;Eltern;Rejected
APP_001957;STU_001957;True;False;Alleine;Approved
APP_001958;STU_001958;True;False;Eltern;Approved
APP_001959;STU_001959;True;False;Alleine;Approved
APP_001960;STU_001960;True;False;Alleine;Approved
APP_001961;STU_001961;True;False;Eltern;Approved
APP_001962;STU_001962;True;False;Eltern;Approved
APP_001963;STU_001963;True;False;Eltern;Rejected
APP_001964;STU_001964;True;True;Eltern;Approved
APP_001965;STU_001965;True;False;Alleine;Approved
APP_001966;STU_001966;True;False;Eltern;Rejected
APP_001967;STU_001967;True;False;Alleine;Approved
APP_001968;STU_001968;True;False;Alleine;Approved
APP_001969;STU_001969;True;True;Eltern;Approved
APP_001970;STU_001970;True;False;Alleine;Rejected
APP_001971;STU_001971;True;False;Alleine;Rejected
APP_001972;STU_001972;True;False;Alleine;Approved
APP_001973;STU_001973;True;False;Eltern;Rejected
APP_001974;STU_001974;True;True;Alleine;Approved
APP_001975;STU_001975;True;True;Alleine;Approved
APP_001976;STU_001976;True;False;Eltern;Approved
APP_001977;STU_001977;True;False;Alleine;Approved
APP_001978;STU_001978;True;False;Alleine;Approved
APP_001979;STU_001979;True;False;Eltern;Rejected
APP_001980;STU_001980;True;True;Alleine;Approved
APP_001981;STU_001981;True;False;Alleine;Approved
APP_001982;STU_001982;True;True;Alleine;Approved
APP_001983;STU_001983;True;False;Eltern;Rejected
APP_001984;STU_001984;True;False;Alleine;Rejected
APP_001985;STU_001985;True;False;Alleine;Rejected
APP_001986;STU_001986;True;False;Alleine;Approved
APP_001987;STU_001987;True;False;Alleine;Approved
APP_001988;STU_001988;True;False;Alleine;Approved
APP_001989;STU_001989;True;False;Alleine;Approved
APP_001990;STU_001990;True;False;Eltern;Approved
APP_001991;STU_001991;True;False;Eltern;Approved
APP_001992;STU_001992;True;False;Eltern;Approved
APP_001993;STU_001993;True;False;Eltern;Approved
APP_001994;STU_001994;True;False;Alleine;Rejected
APP_001995;STU_001995;True;False;Eltern;Rejected
APP_001996;STU_001996;True;False;Eltern;Approved
APP_001997;STU_001997;True;False;Eltern;Approved
APP_001998;STU_001998;True;True;Alleine;Rejected
APP_001999;STU_001999;True;False;Eltern;Approved
